,x,y,start time,end time,image_index,image_x,image_y,blur
0,1377.8,1114.0,144435,144803,0,1377.8,1114.0,0.0
1,1453.7,1018.7,145311,147783,1,565.7,530.7,1.04046108100877
2,1444.9,990.7,147795,149551,1,1444.9,990.7,1.04046108100877
3,1387.1,990.0,149567,150047,2,499.0999999999999,502.0,7.452016681040741
4,1479.4,994.7,150079,150763,2,591.4000000000001,506.70000000000005,7.452016681040741
5,1509.0,975.3,150779,150799,2,621.0,487.29999999999995,7.452016681040741
6,1336.4,1067.2,151183,151891,2,448.4000000000001,579.2,7.452016681040741
7,1407.6,1047.5,151919,152603,2,519.5999999999999,559.5,7.452016681040741
8,1433.3,1028.8,152619,154051,2,1433.3,1028.8,7.452016681040741
9,1454.2,1032.0,154375,154999,3,566.2,544.0,19.911527272178624
10,1308.1,1030.3,155023,155327,3,420.0999999999999,542.3,19.911527272178624
11,1409.2,997.8,155595,155847,3,521.2,509.79999999999995,19.911527272178624
12,1500.3,986.7,155871,156243,3,612.3,498.70000000000005,19.911527272178624
13,1398.6,1010.1,156267,156687,3,510.5999999999999,522.1,19.911527272178624
14,1454.3,1020.2,156711,157719,3,1454.3,1020.2,19.911527272178624
15,1360.6,1025.7,157739,158391,4,472.5999999999999,537.7,7.126942120989268
16,1485.1,1024.8,158419,158759,4,597.0999999999999,536.8,7.126942120989268
17,1314.6,1115.8,162003,162419,5,426.5999999999999,627.8,10.493160840299078
18,1392.2,1087.5,162763,163575,5,504.20000000000005,599.5,10.493160840299078
19,1354.5,1025.4,163595,163959,5,466.5,537.4000000000001,10.493160840299078
20,1475.8,1010.3,163983,164343,5,587.8,522.3,10.493160840299078
21,1399.0,1025.7,164599,164927,5,511.0,537.7,10.493160840299078
22,1426.5,1036.1,164939,165443,5,538.5,548.0999999999999,10.493160840299078
23,1586.6,643.5,165783,165839,6,698.5999999999999,155.5,8.354943305210954
24,1377.5,1015.9,165859,166227,6,489.5,527.9,8.354943305210954
25,1287.8,1055.3,166251,166999,6,399.79999999999995,567.3,8.354943305210954
26,1184.6,857.6,167435,167515,6,296.5999999999999,369.6,8.354943305210954
27,1545.2,719.2,168095,168135,6,657.2,231.20000000000005,8.354943305210954
28,1687.2,714.1,168195,168219,6,799.2,226.10000000000002,8.354943305210954
29,1499.3,1054.7,168251,169523,6,611.3,566.7,8.354943305210954
30,1393.6,1023.0,169547,171723,6,1393.6,1023.0,8.354943305210954
31,1534.0,1041.8,171747,172231,7,646.0,553.8,0.0
32,1304.4,1010.2,172259,173031,7,1304.4,1010.2,0.0
33,1438.3,1021.4,173059,173915,8,1438.3,1021.4,0.0
34,1287.2,1031.9,173943,174779,9,1287.2,1031.9,0.0
35,1383.2,1039.5,174803,175811,10,1383.2,1039.5,0.0
36,1257.6,1021.1,175835,176239,11,1257.6,1021.1,0.0
37,1380.6,1025.4,176267,177283,12,492.5999999999999,537.4000000000001,0.0
38,1396.0,997.2,177467,177587,12,508.0,509.20000000000005,0.0
39,1274.6,986.4,177615,177967,12,386.5999999999999,498.4,0.0
40,1219.0,909.6,178291,178427,13,331.0,421.6,4.067273220784866
41,1343.1,1021.1,178455,178707,13,455.0999999999999,533.1,4.067273220784866
42,1470.4,1040.8,178735,179703,13,582.4000000000001,552.8,4.067273220784866
43,1413.4,1009.7,179715,180715,13,525.4000000000001,521.7,4.067273220784866
44,1450.8,1000.6,180735,180807,13,562.8,512.6,4.067273220784866
45,1565.5,686.1,181071,181091,13,677.5,198.10000000000002,4.067273220784866
46,1587.9,673.4,181111,181167,13,699.9000000000001,185.39999999999998,4.067273220784866
47,1432.2,1034.4,181187,182675,13,1432.2,1034.4,4.067273220784866
48,1311.9,985.7,182699,183219,14,423.9000000000001,497.70000000000005,6.13662093681725
49,1474.8,994.3,183247,183639,14,586.8,506.29999999999995,6.13662093681725
50,1565.0,984.5,183663,183787,14,677.0,496.5,6.13662093681725
51,1561.6,664.7,184227,184311,14,673.5999999999999,176.70000000000005,6.13662093681725
52,1427.0,1045.8,184347,185607,14,539.0,557.8,6.13662093681725
53,1496.7,1031.8,185631,185831,14,608.7,543.8,6.13662093681725
54,1419.6,1014.4,185851,186075,14,531.5999999999999,526.4,6.13662093681725
55,1489.8,990.9,186095,186735,14,1489.8,990.9,6.13662093681725
56,1341.4,1014.2,186763,187059,15,453.4000000000001,526.2,2.902218381389363
57,1236.8,1051.7,187083,187199,15,348.79999999999995,563.7,2.902218381389363
58,1249.2,1124.9,187463,187775,15,361.20000000000005,636.9000000000001,2.902218381389363
59,1370.2,1085.7,187803,188227,15,482.20000000000005,597.7,2.902218381389363
60,1622.1,727.0,188535,188571,15,734.0999999999999,239.0,2.902218381389363
61,928.0,1180.9,188727,189115,15,40.0,692.9000000000001,2.902218381389363
62,1184.7,1159.5,189147,189371,15,296.70000000000005,671.5,2.902218381389363
63,1359.7,1116.7,189711,189979,15,471.70000000000005,628.7,2.902218381389363
64,1303.7,1088.4,190003,190967,15,1303.7,1088.4,2.902218381389363
65,1429.0,1055.4,190991,191355,16,541.0,567.4000000000001,3.9846491515373206
66,1304.1,1025.9,191383,191567,16,416.0999999999999,537.9000000000001,3.9846491515373206
67,1576.6,624.3,191831,191851,16,688.5999999999999,136.29999999999995,3.9846491515373206
68,1337.8,1004.7,191947,192007,16,449.79999999999995,516.7,3.9846491515373206
69,1424.8,1279.3,192051,192627,16,536.8,791.3,3.9846491515373206
70,1332.1,1256.7,192643,193107,16,444.0999999999999,768.7,3.9846491515373206
71,1624.7,712.5,193455,193539,16,736.7,224.5,3.9846491515373206
72,1254.7,1102.6,193659,193939,16,366.70000000000005,614.5999999999999,3.9846491515373206
73,1179.8,1066.3,193963,194347,16,291.79999999999995,578.3,3.9846491515373206
74,1297.8,1032.1,194371,194679,16,1297.8,1032.1,3.9846491515373206
75,1126.9,1034.5,194707,194927,17,238.9000000000001,546.5,16.404170276739272
76,1307.6,1036.0,194959,195283,17,419.5999999999999,548.0,16.404170276739272
77,1483.5,1025.2,195315,195451,17,595.5,537.2,16.404170276739272
78,1689.6,755.7,196007,196063,17,801.5999999999999,267.70000000000005,16.404170276739272
79,1790.7,888.7,196135,196223,17,902.7,400.70000000000005,16.404170276739272
80,2068.2,935.1,196263,196331,17,1180.1999999999998,447.1,16.404170276739272
81,1723.5,1348.4,196375,196439,17,835.5,860.4000000000001,16.404170276739272
82,1651.4,1439.6,196467,196679,17,763.4000000000001,951.5999999999999,16.404170276739272
83,1442.3,638.9,197231,197255,17,554.3,150.89999999999998,16.404170276739272
84,1420.5,585.6,197283,197435,17,532.5,97.60000000000002,16.404170276739272
85,1156.5,1074.2,197563,197839,17,268.5,586.2,16.404170276739272
86,1344.1,1056.2,197867,198207,17,456.0999999999999,568.2,16.404170276739272
87,1432.1,1042.7,198235,198535,17,544.0999999999999,554.7,16.404170276739272
88,1594.1,683.2,199099,199135,18,706.0999999999999,195.20000000000005,4.791139328522796
89,1352.7,1109.3,199287,199443,18,464.70000000000005,621.3,4.791139328522796
90,1368.2,1201.3,200315,200507,18,480.20000000000005,713.3,4.791139328522796
91,1329.7,1147.9,200527,201055,18,441.70000000000005,659.9000000000001,4.791139328522796
92,1272.2,1082.0,201075,201159,18,384.20000000000005,594.0,4.791139328522796
93,1549.3,659.5,201511,201551,18,661.3,171.5,4.791139328522796
94,1121.9,1422.1,201783,202019,18,233.9000000000001,934.0999999999999,4.791139328522796
95,1311.6,1337.0,202051,202279,18,423.5999999999999,849.0,4.791139328522796
96,1354.4,1196.9,202991,203463,18,466.4000000000001,708.9000000000001,4.791139328522796
97,1292.4,1073.2,203487,203895,18,404.4000000000001,585.2,4.791139328522796
98,1454.5,1011.8,203923,204591,18,1454.5,1011.8,4.791139328522796
99,1384.1,1022.7,204603,205151,19,496.0999999999999,534.7,0.0
100,1466.0,1027.7,205171,205423,19,578.0,539.7,0.0
101,1528.4,629.4,205799,205823,19,640.4000000000001,141.39999999999998,0.0
102,1613.3,648.9,205851,205943,19,725.3,160.89999999999998,0.0
103,1418.6,1090.3,205995,206623,19,1418.6,1090.3,0.0
104,1343.9,1021.6,206647,207579,20,1343.9,1021.6,0.0
105,1464.9,993.0,207611,208283,21,1464.9,993.0,0.0
106,1362.2,986.1,208307,209175,22,1362.2,986.1,0.0
107,1473.3,985.8,209199,209563,23,1473.3,985.8,0.0
108,1363.4,997.4,209591,210031,24,475.4000000000001,509.4,0.0
109,1490.1,1038.7,210055,210523,24,602.0999999999999,550.7,0.0
110,1324.9,984.0,211215,211391,24,1324.9,984.0,0.0
111,1418.4,1026.8,211863,212215,25,530.4000000000001,538.8,18.642374725299216
112,1344.7,1041.4,212231,212611,25,456.70000000000005,553.4000000000001,18.642374725299216
113,1528.4,547.1,212979,213079,25,640.4000000000001,59.10000000000002,18.642374725299216
114,1526.6,477.5,213127,213175,25,638.5999999999999,-10.5,18.642374725299216
115,1413.0,1071.4,213215,213463,25,525.0,583.4000000000001,18.642374725299216
116,1526.1,1097.6,213491,213687,25,638.0999999999999,609.5999999999999,18.642374725299216
117,1691.2,1262.2,213739,214067,25,803.2,774.2,18.642374725299216
118,1166.7,1349.3,214123,214203,25,278.70000000000005,861.3,18.642374725299216
119,1525.0,545.8,214535,214731,25,637.0,57.799999999999955,18.642374725299216
120,1414.5,1043.4,214819,215023,25,526.5,555.4000000000001,18.642374725299216
121,1414.0,1014.8,215039,215351,25,526.0,526.8,18.642374725299216
122,1477.4,996.3,215375,215463,25,589.4000000000001,508.29999999999995,18.642374725299216
123,1505.1,564.9,215787,216155,26,617.0999999999999,76.89999999999998,6.658490912985506
124,1400.5,1006.7,216203,216375,26,512.5,518.7,6.658490912985506
125,1457.4,994.3,216399,216611,26,569.4000000000001,506.29999999999995,6.658490912985506
126,1512.0,990.4,216631,216911,26,624.0,502.4,6.658490912985506
127,1377.8,963.4,216955,217191,26,489.79999999999995,475.4,6.658490912985506
128,1301.1,953.9,217211,217471,26,413.0999999999999,465.9,6.658490912985506
129,1506.9,632.5,217779,217979,26,618.9000000000001,144.5,6.658490912985506
130,1466.5,476.9,218003,218043,26,578.5,-11.100000000000023,6.658490912985506
131,1371.3,1037.6,218091,218243,26,483.29999999999995,549.5999999999999,6.658490912985506
132,1457.2,1033.0,218263,218807,26,569.2,545.0,6.658490912985506
133,1403.5,1015.5,218823,219439,26,515.5,527.5,6.658490912985506
134,1424.2,1128.3,219467,219615,26,536.2,640.3,6.658490912985506
135,1552.7,558.6,219975,220171,27,664.7,70.60000000000002,17.056834249876243
136,1438.1,1003.5,220311,220363,27,550.0999999999999,515.5,17.056834249876243
137,1545.7,1043.4,220391,220755,27,657.7,555.4000000000001,17.056834249876243
138,1465.5,1039.2,220779,220967,27,577.5,551.2,17.056834249876243
139,1535.5,1078.7,220995,221375,27,647.5,590.7,17.056834249876243
140,1444.8,1045.7,221399,221847,27,556.8,557.7,17.056834249876243
141,1563.2,697.3,222247,222551,27,675.2,209.29999999999995,17.056834249876243
142,1226.2,982.5,222759,222987,27,338.20000000000005,494.5,17.056834249876243
143,1361.9,982.7,223011,223419,27,473.9000000000001,494.70000000000005,17.056834249876243
144,1426.6,982.1,223443,223539,27,538.5999999999999,494.1,17.056834249876243
145,1547.9,887.9,223947,224115,28,659.9000000000001,399.9,17.364769869553022
146,1507.7,527.5,224147,224171,28,619.7,39.5,17.364769869553022
147,1366.8,1044.9,224283,224691,28,478.79999999999995,556.9000000000001,17.364769869553022
148,1274.0,970.3,224715,224919,28,386.0,482.29999999999995,17.364769869553022
149,1466.6,665.4,225379,225619,28,578.5999999999999,177.39999999999998,17.364769869553022
150,1360.5,491.2,225643,225667,28,472.5,3.1999999999999886,17.364769869553022
151,1313.8,960.3,226099,226127,28,425.79999999999995,472.29999999999995,17.364769869553022
152,1515.4,600.7,226711,226887,28,627.4000000000001,112.70000000000005,17.364769869553022
153,1501.9,454.5,227243,227339,28,613.9000000000001,-33.5,17.364769869553022
154,1498.1,456.4,227375,227399,28,610.0999999999999,-31.600000000000023,17.364769869553022
155,1492.7,460.7,227463,227483,28,604.7,-27.30000000000001,17.364769869553022
156,1525.5,445.3,227535,227659,28,637.5,-42.69999999999999,17.364769869553022
157,1516.2,447.3,227683,227771,28,628.2,-40.69999999999999,17.364769869553022
158,1506.0,447.2,227843,227867,28,618.0,-40.80000000000001,17.364769869553022
159,1593.8,634.8,228343,228595,29,705.8,146.79999999999995,19.32166319254624
160,1811.7,690.0,228711,228731,29,923.7,202.0,19.32166319254624
161,1447.4,1105.4,228763,228843,29,559.4000000000001,617.4000000000001,19.32166319254624
162,1285.0,1114.4,228871,229271,29,397.0,626.4000000000001,19.32166319254624
163,1337.1,1161.4,229287,229527,29,449.0999999999999,673.4000000000001,19.32166319254624
164,1338.4,1129.3,229539,229931,29,450.4000000000001,641.3,19.32166319254624
165,1806.6,711.2,230547,230567,29,918.5999999999999,223.20000000000005,19.32166319254624
166,1361.4,1153.7,230615,231303,29,473.4000000000001,665.7,19.32166319254624
167,1417.0,1099.4,231319,231543,29,529.0,611.4000000000001,19.32166319254624
168,1463.7,1065.4,231567,231903,29,575.7,577.4000000000001,19.32166319254624
169,1416.8,1053.7,232487,232579,30,528.8,565.7,4.525336884769063
170,1463.9,1081.5,232599,232795,30,575.9000000000001,593.5,4.525336884769063
171,1356.1,1066.6,232815,233379,30,468.0999999999999,578.5999999999999,4.525336884769063
172,1481.3,1063.3,233407,233587,30,593.3,575.3,4.525336884769063
173,1657.7,1030.4,233615,233771,30,769.7,542.4000000000001,4.525336884769063
174,1513.6,1068.4,233795,234019,30,625.5999999999999,580.4000000000001,4.525336884769063
175,1383.9,1079.1,234043,234335,30,495.9000000000001,591.0999999999999,4.525336884769063
176,1310.2,1108.8,234355,234571,30,422.20000000000005,620.8,4.525336884769063
177,1384.6,1215.7,234591,234815,30,496.5999999999999,727.7,4.525336884769063
178,1332.5,1291.6,234831,235067,30,444.5,803.5999999999999,4.525336884769063
179,1388.0,1165.4,235819,235991,30,500.0,677.4000000000001,4.525336884769063
180,1430.6,1110.5,236011,236183,30,542.5999999999999,622.5,4.525336884769063
181,1453.4,1068.5,236199,236515,30,565.4000000000001,580.5,4.525336884769063
182,1344.0,1050.9,237035,238595,30,1344.0,1050.9,4.525336884769063
183,1489.5,1026.0,238627,239275,31,1489.5,1026.0,0.0
184,1408.0,994.1,239303,239647,32,520.0,506.1,0.0
185,1433.7,998.8,239663,239867,32,545.7,510.79999999999995,0.0
186,1524.6,998.2,239895,240235,32,636.5999999999999,510.20000000000005,0.0
187,1651.0,444.6,240279,240327,32,763.0,-43.39999999999998,0.0
188,1472.0,387.8,240359,240691,32,584.0,-100.19999999999999,0.0
189,1317.6,1078.7,240735,241211,32,1317.6,1078.7,0.0
190,1442.7,1045.1,241239,241955,33,1442.7,1045.1,0.0
191,1326.9,1035.8,241979,242571,34,438.9000000000001,547.8,0.0
192,1459.3,1042.1,242599,243143,34,571.3,554.0999999999999,0.0
193,1335.3,1049.8,243171,243795,34,1335.3,1049.8,0.0
194,1441.1,1027.6,243819,244467,35,1441.1,1027.6,0.0
195,1357.1,1009.6,244491,245011,36,469.0999999999999,521.6,0.0
196,1460.3,1004.0,245723,245799,36,572.3,516.0,0.0
197,1381.9,1026.1,245819,246359,36,1381.9,1026.1,0.0
198,1468.0,1037.1,246383,246783,37,580.0,549.0999999999999,16.99347816906338
199,1516.1,557.8,247115,247231,37,628.0999999999999,69.79999999999995,16.99347816906338
200,1422.7,1054.6,247323,247579,37,534.7,566.5999999999999,16.99347816906338
201,1325.8,1038.6,247603,247971,37,437.79999999999995,550.5999999999999,16.99347816906338
202,1472.9,1022.0,247999,248463,37,584.9000000000001,534.0,16.99347816906338
203,1378.5,1020.9,248487,248819,37,490.5,532.9,16.99347816906338
204,1431.6,1027.9,248839,249363,37,543.5999999999999,539.9000000000001,16.99347816906338
205,1465.4,563.9,249699,249819,37,577.4000000000001,75.89999999999998,16.99347816906338
206,1348.0,1087.5,249891,250087,37,1348.0,1087.5,16.99347816906338
207,1381.6,1161.8,250103,250491,38,493.5999999999999,673.8,12.52424290189035
208,1318.8,1082.2,250515,250863,38,430.79999999999995,594.2,12.52424290189035
209,1399.9,1151.9,250887,251047,38,511.9000000000001,663.9000000000001,12.52424290189035
210,1471.9,741.2,251727,251915,38,583.9000000000001,253.20000000000005,12.52424290189035
211,1275.6,1171.9,252039,252255,38,387.5999999999999,683.9000000000001,12.52424290189035
212,1360.3,1108.8,252279,252591,38,472.29999999999995,620.8,12.52424290189035
213,1460.9,1048.5,252615,252851,38,572.9000000000001,560.5,12.52424290189035
214,1357.5,1018.3,252879,253143,38,469.5,530.3,12.52424290189035
215,1282.3,993.3,253167,253439,38,394.29999999999995,505.29999999999995,12.52424290189035
216,1476.7,547.9,253871,254059,38,588.7,59.89999999999998,12.52424290189035
217,1487.7,496.3,254087,254147,38,599.7,8.300000000000011,12.52424290189035
218,1402.4,1027.1,254219,254279,38,1402.4,1027.1,12.52424290189035
219,1344.0,1026.3,254303,254627,39,456.0,538.3,4.139392566537814
220,1504.8,1028.8,254659,255167,39,616.8,540.8,4.139392566537814
221,1787.0,657.7,255207,255227,39,899.0,169.70000000000005,4.139392566537814
222,1828.3,703.1,255763,255815,39,940.3,215.10000000000002,4.139392566537814
223,1684.4,624.8,255839,255943,39,796.4000000000001,136.79999999999995,4.139392566537814
224,1871.8,783.6,255995,256027,39,983.8,295.6,4.139392566537814
225,1429.0,1298.1,256155,256655,39,541.0,810.0999999999999,4.139392566537814
226,1489.6,513.6,257011,257187,39,601.5999999999999,25.600000000000023,4.139392566537814
227,1344.7,1099.6,257255,257515,39,456.70000000000005,611.5999999999999,4.139392566537814
228,1526.1,1046.5,257563,257803,39,638.0999999999999,558.5,4.139392566537814
229,1438.2,1044.4,257831,258359,39,550.2,556.4000000000001,4.139392566537814
230,1661.2,1028.7,258407,258675,40,773.2,540.7,16.920054435595556
231,1453.5,1026.4,258703,258907,40,565.5,538.4000000000001,16.920054435595556
232,1320.3,1047.6,258935,259447,40,432.29999999999995,559.5999999999999,16.920054435595556
233,1748.2,591.8,259495,259535,40,860.2,103.79999999999995,16.920054435595556
234,1638.6,927.2,259771,259935,40,750.5999999999999,439.20000000000005,16.920054435595556
235,1491.8,884.2,259959,260111,40,603.8,396.20000000000005,16.920054435595556
236,1564.1,730.0,260463,260495,40,676.0999999999999,242.0,16.920054435595556
237,1536.1,603.0,260519,260671,40,648.0999999999999,115.0,16.920054435595556
238,1533.5,532.7,260699,260723,40,645.5,44.700000000000045,16.920054435595556
239,1727.0,714.8,260787,260823,40,839.0,226.79999999999995,16.920054435595556
240,1391.9,1096.1,260871,261179,40,503.9000000000001,608.0999999999999,16.920054435595556
241,1364.9,1074.9,261199,261759,40,476.9000000000001,586.9000000000001,16.920054435595556
242,1169.8,1000.4,261803,262327,40,281.79999999999995,512.4,16.920054435595556
243,1545.0,583.7,262979,263035,41,657.0,95.70000000000005,5.953444410158846
244,1783.6,669.6,263239,263279,41,895.5999999999999,181.60000000000002,5.953444410158846
245,1455.3,1061.7,263315,263435,41,567.3,573.7,5.953444410158846
246,1400.2,1058.2,263455,263707,41,512.2,570.2,5.953444410158846
247,1333.8,1037.5,263727,263991,41,445.79999999999995,549.5,5.953444410158846
248,1426.6,1001.8,264015,264243,41,538.5999999999999,513.8,5.953444410158846
249,1369.1,1018.8,264263,264419,41,481.0999999999999,530.8,5.953444410158846
250,1479.6,994.3,264447,264747,41,591.5999999999999,506.29999999999995,5.953444410158846
251,1572.0,538.5,265083,265195,41,684.0,50.5,5.953444410158846
252,1726.0,659.5,265351,265403,41,838.0,171.5,5.953444410158846
253,1506.3,1003.2,265479,265523,41,618.3,515.2,5.953444410158846
254,1513.8,998.4,265563,265591,41,625.8,510.4,5.953444410158846
255,1320.2,1084.2,265639,265927,41,432.20000000000005,596.2,5.953444410158846
256,1409.8,1130.6,265955,266231,41,521.8,642.5999999999999,5.953444410158846
257,1459.8,1166.8,266247,266487,41,571.8,678.8,5.953444410158846
258,1393.8,1080.6,266511,266743,41,1393.8,1080.6,5.953444410158846
259,1413.5,1078.3,266767,267439,42,525.5,590.3,15.537577293451974
260,1351.4,1089.8,267451,267747,42,463.4000000000001,601.8,15.537577293451974
261,1446.5,1073.0,267771,267975,42,558.5,585.0,15.537577293451974
262,1356.8,951.8,268003,268279,42,468.79999999999995,463.79999999999995,15.537577293451974
263,1635.2,1099.2,268343,268495,42,747.2,611.2,15.537577293451974
264,1444.3,1139.1,268519,268891,42,556.3,651.0999999999999,15.537577293451974
265,1546.5,1167.5,268915,268983,42,658.5,679.5,15.537577293451974
266,1310.6,1106.1,270019,270043,42,422.5999999999999,618.0999999999999,15.537577293451974
267,1437.7,1089.9,270067,270095,42,549.7,601.9000000000001,15.537577293451974
268,1760.1,655.9,270627,270691,42,872.0999999999999,167.89999999999998,15.537577293451974
269,1846.6,683.9,271439,271459,42,958.5999999999999,195.89999999999998,15.537577293451974
270,1426.2,1106.8,271491,271559,42,538.2,618.8,15.537577293451974
271,1277.8,1075.1,271587,272023,42,389.79999999999995,587.0999999999999,15.537577293451974
272,1480.5,1031.7,272055,272987,42,1480.5,1031.7,15.537577293451974
273,1383.3,998.5,273015,273735,43,1383.3,998.5,0.0
274,1481.4,983.8,273759,274779,44,1481.4,983.8,0.0
275,1396.0,1042.7,274803,275091,45,1396.0,1042.7,0.0
276,1452.5,1048.1,275111,275667,46,564.5,560.0999999999999,0.0
277,1520.2,1029.6,275691,276399,46,1520.2,1029.6,0.0
278,1391.1,1056.9,276587,277795,47,1391.1,1056.9,0.0
279,1775.4,781.2,278347,278371,48,887.4000000000001,293.20000000000005,0.0
280,1535.5,1161.4,278403,278483,48,647.5,673.4000000000001,0.0
281,1313.0,1161.8,278507,279207,48,1313.0,1161.8,0.0
282,1718.0,610.3,280175,280199,49,830.0,122.29999999999995,18.569129857659554
283,1423.6,1043.2,280367,280651,49,535.5999999999999,555.2,18.569129857659554
284,1359.6,1043.8,280667,280891,49,471.5999999999999,555.8,18.569129857659554
285,1438.3,1027.8,280915,281311,49,550.3,539.8,18.569129857659554
286,1521.8,1017.6,281339,281479,49,633.8,529.6,18.569129857659554
287,1414.8,991.8,281507,281871,49,526.8,503.79999999999995,18.569129857659554
288,1538.1,577.0,282315,282447,49,650.0999999999999,89.0,18.569129857659554
289,1388.4,988.1,282571,282731,49,500.4000000000001,500.1,18.569129857659554
290,1505.7,981.3,282755,283143,49,1505.7,981.3,18.569129857659554
291,1406.2,980.2,283175,283335,50,518.2,492.20000000000005,5.3221072307861235
292,1605.7,663.8,283443,283483,50,717.7,175.79999999999995,5.3221072307861235
293,1595.9,654.6,283639,283679,50,707.9000000000001,166.60000000000002,5.3221072307861235
294,1354.7,962.1,283867,283939,50,466.70000000000005,474.1,5.3221072307861235
295,1375.5,970.9,284023,284143,50,487.5,482.9,5.3221072307861235
296,1706.9,677.3,284171,284219,50,818.9000000000001,189.29999999999995,5.3221072307861235
297,1484.5,1010.3,284299,284651,50,596.5,522.3,5.3221072307861235
298,1595.0,588.8,285071,285295,50,707.0,100.79999999999995,5.3221072307861235
299,1246.1,1081.2,285407,285715,50,358.0999999999999,593.2,5.3221072307861235
300,1273.8,1084.6,285727,286139,50,385.79999999999995,596.5999999999999,5.3221072307861235
301,1536.2,578.9,286763,286967,50,1536.2,578.9,5.3221072307861235
302,1712.8,715.0,287159,287291,51,824.8,227.0,11.790427943648407
303,1381.1,1096.1,287339,287427,51,493.0999999999999,608.0999999999999,11.790427943648407
304,1291.9,1106.4,287447,287783,51,403.9000000000001,618.4000000000001,11.790427943648407
305,1460.9,1071.7,287815,288111,51,572.9000000000001,583.7,11.790427943648407
306,1344.9,984.1,288139,288455,51,456.9000000000001,496.1,11.790427943648407
307,1354.1,1053.6,288475,288699,51,466.0999999999999,565.5999999999999,11.790427943648407
308,1289.1,1146.5,288719,288899,51,401.0999999999999,658.5,11.790427943648407
309,1315.9,1113.3,289567,289895,51,427.9000000000001,625.3,11.790427943648407
310,1418.6,1110.9,289919,290219,51,530.5999999999999,622.9000000000001,11.790427943648407
311,1385.6,1094.6,290231,290919,51,497.5999999999999,606.5999999999999,11.790427943648407
312,1463.4,618.9,291335,291403,52,575.4000000000001,130.89999999999998,5.295375898975827
313,1459.1,604.7,291427,291447,52,571.0999999999999,116.70000000000005,5.295375898975827
314,1455.1,573.6,291479,291503,52,567.0999999999999,85.60000000000002,5.295375898975827
315,1315.4,1104.5,291619,291727,52,427.4000000000001,616.5,5.295375898975827
316,1426.8,1081.3,291755,292063,52,538.8,593.3,5.295375898975827
317,1335.4,1060.6,292087,292463,52,447.4000000000001,572.5999999999999,5.295375898975827
318,1426.0,1070.9,292491,292763,52,538.0,582.9000000000001,5.295375898975827
319,1366.1,1043.6,292775,293255,52,478.0999999999999,555.5999999999999,5.295375898975827
320,1428.8,1037.5,293283,293763,52,540.8,549.5,5.295375898975827
321,1546.6,831.8,294087,294127,52,658.5999999999999,343.79999999999995,5.295375898975827
322,1490.4,582.3,294179,294347,52,602.4000000000001,94.29999999999995,5.295375898975827
323,1273.5,1047.8,294483,294659,52,385.5,559.8,5.295375898975827
324,1397.7,1038.9,294683,295655,52,1397.7,1038.9,5.295375898975827
325,1354.1,1005.4,295671,295943,53,466.0999999999999,517.4,14.804152316177676
326,1528.1,585.7,296095,296135,53,640.0999999999999,97.70000000000005,14.804152316177676
327,1527.0,782.5,296515,296835,53,639.0,294.5,14.804152316177676
328,978.2,519.8,296891,296919,53,90.20000000000005,31.799999999999955,14.804152316177676
329,832.4,963.6,297339,297507,53,-55.60000000000002,475.6,14.804152316177676
330,991.9,947.2,297579,297623,53,103.89999999999998,459.20000000000005,14.804152316177676
331,1798.7,539.5,297823,297847,53,910.7,51.5,14.804152316177676
332,1814.5,585.3,297911,298191,53,926.5,97.29999999999995,14.804152316177676
333,1672.1,676.3,298219,298239,53,784.0999999999999,188.29999999999995,14.804152316177676
334,1319.5,1017.1,298599,298867,53,431.5,529.1,14.804152316177676
335,1394.7,1008.7,298911,299231,53,506.70000000000005,520.7,14.804152316177676
336,1510.9,720.6,299571,299883,54,622.9000000000001,232.60000000000002,11.570672775009886
337,1794.5,688.2,300143,300183,54,906.5,200.20000000000005,11.570672775009886
338,1784.9,685.7,300287,300407,54,896.9000000000001,197.70000000000005,11.570672775009886
339,1692.1,698.7,300547,300823,54,804.0999999999999,210.70000000000005,11.570672775009886
340,2023.0,660.9,301763,301931,54,1135.0,172.89999999999998,11.570672775009886
341,1538.7,993.6,302007,302235,54,650.7,505.6,11.570672775009886
342,1400.8,1010.6,302263,302435,54,512.8,522.6,11.570672775009886
343,1272.0,1029.4,302459,302631,54,384.0,541.4000000000001,11.570672775009886
344,1527.9,501.3,303167,303219,54,639.9000000000001,13.300000000000011,11.570672775009886
345,1704.4,652.7,303335,303355,54,816.4000000000001,164.70000000000005,11.570672775009886
346,1369.1,1019.5,303399,303799,54,481.0999999999999,531.5,11.570672775009886
347,1761.7,689.7,304219,304259,54,873.7,201.70000000000005,11.570672775009886
348,1282.9,1012.8,304515,305383,54,1282.9,1012.8,11.570672775009886
349,1398.9,1006.2,305411,305599,55,510.9000000000001,518.2,0.0
350,1464.9,987.1,305627,305927,55,576.9000000000001,499.1,0.0
351,1698.1,646.8,305951,306043,55,810.0999999999999,158.79999999999995,0.0
352,1416.1,527.7,306215,306239,55,528.0999999999999,39.700000000000045,0.0
353,1414.0,525.6,306267,306307,55,526.0,37.60000000000002,0.0
354,1416.6,531.6,306379,306399,55,1416.6,531.6,0.0
355,1414.1,537.6,306443,306511,56,526.0999999999999,49.60000000000002,0.0
356,1415.2,544.2,306535,306563,56,527.2,56.200000000000045,0.0
357,1420.8,546.7,306603,306651,56,532.8,58.700000000000045,0.0
358,1544.6,536.1,306783,306843,56,656.5999999999999,48.10000000000002,0.0
359,1670.3,694.4,307079,307111,56,782.3,206.39999999999998,0.0
360,1313.6,1055.7,307707,307823,57,425.5999999999999,567.7,0.0
361,1369.0,1055.1,307847,309307,57,1369.0,1055.1,0.0
362,1330.9,1031.5,309323,310323,59,1330.9,1031.5,0.0
363,1448.9,1034.8,310347,310755,60,560.9000000000001,546.8,0.0
364,1425.3,522.6,311307,311335,60,537.3,34.60000000000002,0.0
365,1540.5,1014.4,311831,312075,61,652.5,526.4,13.204859782864117
366,1387.3,1072.7,312103,312395,61,499.29999999999995,584.7,13.204859782864117
367,1228.4,1063.5,312423,312787,61,340.4000000000001,575.5,13.204859782864117
368,1579.2,649.6,313135,313519,61,691.2,161.60000000000002,13.204859782864117
369,1562.3,529.8,313547,313647,61,674.3,41.799999999999955,13.204859782864117
370,1417.1,501.7,313711,313747,61,529.0999999999999,13.699999999999989,13.204859782864117
371,1977.0,753.8,313919,314291,61,1089.0,265.79999999999995,13.204859782864117
372,1570.5,737.3,314651,314671,61,682.5,249.29999999999995,13.204859782864117
373,1554.0,624.2,314703,314723,61,666.0,136.20000000000005,13.204859782864117
374,1551.0,566.0,315883,316047,62,663.0,78.0,12.458686681295678
375,1331.4,967.4,316323,316431,62,443.4000000000001,479.4,12.458686681295678
376,1512.2,979.4,316495,316791,62,624.2,491.4,12.458686681295678
377,1759.2,644.2,316815,316859,62,871.2,156.20000000000005,12.458686681295678
378,1353.5,1069.3,316895,317275,62,465.5,581.3,12.458686681295678
379,1636.0,496.6,317551,317571,62,748.0,8.600000000000023,12.458686681295678
380,1624.8,490.6,317595,317623,62,736.8,2.6000000000000227,12.458686681295678
381,1752.5,650.4,317847,317919,62,864.5,162.39999999999998,12.458686681295678
382,1739.4,656.2,317931,318047,62,851.4000000000001,168.20000000000005,12.458686681295678
383,1677.8,567.2,318203,318363,62,789.8,79.20000000000005,12.458686681295678
384,1755.3,483.5,318391,318411,62,867.3,-4.5,12.458686681295678
385,1544.2,784.4,318447,318547,62,656.2,296.4,12.458686681295678
386,1077.1,771.2,318595,318951,62,189.0999999999999,283.20000000000005,12.458686681295678
387,980.3,953.9,318975,319127,62,92.29999999999995,465.9,12.458686681295678
388,1080.8,1047.8,319155,319335,62,192.79999999999995,559.8,12.458686681295678
389,1480.6,717.2,319707,319831,62,592.5999999999999,229.20000000000005,12.458686681295678
390,1556.5,535.8,320527,320547,63,668.5,47.799999999999955,14.433575796641481
391,1505.3,507.4,321215,321243,63,617.3,19.399999999999977,14.433575796641481
392,1576.6,522.2,321303,321627,63,688.5999999999999,34.200000000000045,14.433575796641481
393,1707.5,563.4,321651,321939,63,819.5,75.39999999999998,14.433575796641481
394,1601.9,578.1,321959,322195,63,713.9000000000001,90.10000000000002,14.433575796641481
395,1543.6,522.7,322215,322443,63,655.5999999999999,34.700000000000045,14.433575796641481
396,1547.1,519.7,322455,322487,63,659.0999999999999,31.700000000000045,14.433575796641481
397,1763.5,729.0,324511,324535,64,875.5,241.0,12.860320372353108
398,1258.1,1017.1,325003,325175,64,370.0999999999999,529.1,12.860320372353108
399,1524.2,484.2,325439,325471,64,636.2,-3.8000000000000114,12.860320372353108
400,1518.2,473.2,326107,326131,64,630.2,-14.800000000000011,12.860320372353108
401,1521.5,473.5,326155,326187,64,633.5,-14.5,12.860320372353108
402,1427.3,541.3,326523,326595,64,539.3,53.299999999999955,12.860320372353108
403,1428.6,553.7,326619,326659,64,540.5999999999999,65.70000000000005,12.860320372353108
404,1590.2,518.7,326687,326859,64,702.2,30.700000000000045,12.860320372353108
405,1583.7,504.1,326883,326915,64,695.7,16.100000000000023,12.860320372353108
406,1483.9,488.4,326955,327095,64,595.9000000000001,0.39999999999997726,12.860320372353108
407,1482.3,497.1,327119,327211,64,594.3,9.100000000000023,12.860320372353108
408,1562.8,508.8,327267,327355,64,674.8,20.80000000000001,12.860320372353108
409,1559.3,521.7,327411,327463,64,671.3,33.700000000000045,12.860320372353108
410,1556.6,525.6,327487,327507,64,668.5999999999999,37.60000000000002,12.860320372353108
411,1770.2,679.3,327635,327767,64,882.2,191.29999999999995,12.860320372353108
412,1461.3,596.7,328335,328359,65,573.3,108.70000000000005,14.744323901618879
413,1580.7,635.0,328655,328943,65,692.7,147.0,14.744323901618879
414,1402.9,1065.9,329143,329287,65,514.9000000000001,577.9000000000001,14.744323901618879
415,1631.7,673.3,329703,330003,65,743.7,185.29999999999995,14.744323901618879
416,1526.0,519.3,330039,330079,65,638.0,31.299999999999955,14.744323901618879
417,1511.8,524.5,330339,330571,65,623.8,36.5,14.744323901618879
418,1788.2,625.4,330627,330671,65,900.2,137.39999999999998,14.744323901618879
419,1597.9,495.7,332775,332923,66,709.9000000000001,7.699999999999989,6.089800287858365
420,1383.6,498.4,332955,333407,66,495.5999999999999,10.399999999999977,6.089800287858365
421,1592.5,573.0,333439,333723,66,704.5,85.0,6.089800287858365
422,1611.7,695.3,334259,334303,66,723.7,207.29999999999995,6.089800287858365
423,1319.2,564.7,336611,336635,66,431.20000000000005,76.70000000000005,6.089800287858365
424,1287.9,502.5,336751,336811,66,399.9000000000001,14.5,6.089800287858365
425,1587.1,621.1,337607,337699,66,699.0999999999999,133.10000000000002,6.089800287858365
426,1827.7,624.0,337991,338027,66,939.7,136.0,6.089800287858365
427,1464.5,996.6,338083,338143,66,576.5,508.6,6.089800287858365
428,1469.7,1003.0,338171,338203,67,581.7,515.0,0.0
429,1469.7,1015.0,338231,338363,67,581.7,527.0,0.0
430,1351.9,1044.1,338391,338619,67,463.9000000000001,556.0999999999999,0.0
431,1639.7,711.8,338667,338775,67,751.7,223.79999999999995,0.0
432,1509.3,583.9,338935,338963,67,621.3,95.89999999999998,0.0
433,1417.5,570.5,339019,339075,67,529.5,82.5,0.0
434,1403.2,558.7,339091,339215,67,515.2,70.70000000000005,0.0
435,1388.2,561.0,339239,339507,67,1388.2,561.0,0.0
436,1479.6,562.9,339531,339647,68,591.5999999999999,74.89999999999998,0.0
437,1482.0,567.3,339671,339715,68,594.0,79.29999999999995,0.0
438,1496.2,569.5,339739,340011,68,608.2,81.5,0.0
439,1637.9,562.3,340055,340159,68,749.9000000000001,74.29999999999995,0.0
440,1620.0,554.4,340175,340287,68,732.0,66.39999999999998,0.0
441,1466.2,541.8,340315,340343,69,578.2,53.799999999999955,0.0
442,1449.1,543.1,340371,340427,69,561.0999999999999,55.10000000000002,0.0
443,1449.5,546.6,340479,340515,69,561.5,58.60000000000002,0.0
444,1455.7,530.0,340707,340727,69,567.7,42.0,0.0
445,1451.5,525.3,340751,340775,69,563.5,37.299999999999955,0.0
446,1447.1,518.7,340799,340819,69,559.0999999999999,30.700000000000045,0.0
447,1444.2,514.8,340871,340943,69,556.2,26.799999999999955,0.0
448,1444.1,521.9,340967,340995,69,556.0999999999999,33.89999999999998,0.0
449,1435.3,521.3,341007,341147,69,547.3,33.299999999999955,0.0
450,1434.7,530.4,341203,341243,70,546.7,42.39999999999998,0.0
451,1452.2,545.6,341451,341475,70,564.2,57.60000000000002,0.0
452,1691.8,673.4,341659,341707,70,803.8,185.39999999999998,0.0
453,1438.4,1034.0,341751,341891,70,550.4000000000001,546.0,0.0
454,1500.7,1041.4,341911,342247,70,612.7,553.4000000000001,0.0
455,1373.2,1047.1,342275,342831,70,1373.2,1047.1,0.0
456,1469.9,1068.3,342859,343307,71,581.9000000000001,580.3,0.0
457,1372.6,1071.7,343551,343995,71,1372.6,1071.7,0.0
458,1495.9,1047.1,344023,344443,72,607.9000000000001,559.0999999999999,0.0
459,1581.3,629.2,344891,345239,72,693.3,141.20000000000005,0.0
460,1727.8,749.1,345271,345311,72,839.8,261.1,0.0
461,1456.0,1120.2,345335,345715,72,1456.0,1120.2,0.0
462,1461.8,1110.9,345767,345811,73,573.8,622.9000000000001,18.69676291065202
463,1498.6,615.4,346571,346851,73,610.5999999999999,127.39999999999998,18.69676291065202
464,1487.5,544.0,346875,346903,73,599.5,56.0,18.69676291065202
465,1364.3,1070.4,346967,347311,73,476.29999999999995,582.4000000000001,18.69676291065202
466,1425.8,1058.3,347331,348099,73,537.8,570.3,18.69676291065202
467,1477.3,1065.7,348115,348671,73,589.3,577.7,18.69676291065202
468,1413.7,1063.3,348687,348979,73,525.7,575.3,18.69676291065202
469,1760.8,725.5,349023,349051,73,872.8,237.5,18.69676291065202
470,1405.5,996.5,349223,349251,73,517.5,508.5,18.69676291065202
471,1410.3,1006.7,349315,349575,73,1410.3,1006.7,18.69676291065202
472,1544.3,1008.7,349655,349783,74,656.3,520.7,7.618256171625237
473,1433.7,1018.2,349811,349919,74,545.7,530.2,7.618256171625237
474,1495.8,567.8,350295,350347,74,607.8,79.79999999999995,7.618256171625237
475,1490.4,522.5,350371,350491,74,602.4000000000001,34.5,7.618256171625237
476,1376.8,1079.2,350599,350879,74,488.79999999999995,591.2,7.618256171625237
477,1431.2,1070.7,350907,351179,74,543.2,582.7,7.618256171625237
478,1255.1,1067.5,351207,351399,74,367.0999999999999,579.5,7.618256171625237
479,1324.5,1278.0,351431,351587,74,436.5,790.0,7.618256171625237
480,1526.0,1371.0,351635,351843,74,638.0,883.0,7.618256171625237
481,1509.5,1354.9,351855,352035,74,621.5,866.9000000000001,7.618256171625237
482,1105.8,1403.1,352083,352699,74,217.79999999999995,915.0999999999999,7.618256171625237
483,1224.9,1171.0,353343,353399,74,336.9000000000001,683.0,7.618256171625237
484,1335.0,1112.0,353427,353743,74,1335.0,1112.0,7.618256171625237
485,1428.8,1061.6,353763,354007,75,540.8,573.5999999999999,6.792990246104564
486,1748.8,609.9,355147,355167,75,860.8,121.89999999999998,6.792990246104564
487,1531.5,803.5,357659,357679,75,643.5,315.5,6.792990246104564
488,1515.3,737.3,357731,357815,75,627.3,249.29999999999995,6.792990246104564
489,1580.3,643.0,357851,357879,76,692.3,155.0,17.37875606602315
490,1580.7,617.6,357891,357919,76,692.7,129.60000000000002,17.37875606602315
491,1259.7,690.8,359023,359051,76,371.70000000000005,202.79999999999995,17.37875606602315
492,1243.6,675.5,359135,359155,76,355.5999999999999,187.5,17.37875606602315
493,1253.9,666.5,359215,359247,76,365.9000000000001,178.5,17.37875606602315
494,1611.7,610.1,361163,361303,76,723.7,122.10000000000002,17.37875606602315
495,1649.8,589.7,361323,361527,76,761.8,101.70000000000005,17.37875606602315
496,1581.4,575.6,361543,361763,76,693.4000000000001,87.60000000000002,17.37875606602315
497,1800.6,563.2,361795,362007,76,1800.6,563.2,17.37875606602315
498,1544.5,530.7,362035,362075,77,656.5,42.700000000000045,4.472416714022868
499,1493.6,537.7,362215,362423,77,605.5999999999999,49.700000000000045,4.472416714022868
500,1579.5,606.4,362527,362591,77,691.5,118.39999999999998,4.472416714022868
501,1516.1,759.3,363051,363447,77,628.0999999999999,271.29999999999995,4.472416714022868
502,1623.0,556.6,363475,363495,77,735.0,68.60000000000002,4.472416714022868
503,1593.3,524.4,363519,363751,77,705.3,36.39999999999998,4.472416714022868
504,1556.8,703.8,364367,364607,77,668.8,215.79999999999995,4.472416714022868
505,1814.8,673.9,364691,364783,77,926.8,185.89999999999998,4.472416714022868
506,1540.7,1004.3,364843,364899,77,652.7,516.3,4.472416714022868
507,1609.8,710.3,365283,365567,77,721.8,222.29999999999995,4.472416714022868
508,1576.2,585.2,365591,365615,77,688.2,97.20000000000005,4.472416714022868
509,1566.3,560.1,365667,365695,77,678.3,72.10000000000002,4.472416714022868
510,1567.6,549.3,365731,365775,77,679.5999999999999,61.299999999999955,4.472416714022868
511,1502.4,518.0,365795,365819,77,614.4000000000001,30.0,4.472416714022868
512,1497.0,513.4,365843,365879,77,609.0,25.399999999999977,4.472416714022868
513,1507.7,550.5,365943,366139,77,619.7,62.5,4.472416714022868
514,1561.7,540.6,366163,366195,78,673.7,52.60000000000002,1.7171230832246742
515,1610.5,774.3,366491,366859,78,722.5,286.29999999999995,1.7171230832246742
516,1369.3,980.0,367331,367371,78,481.29999999999995,492.0,1.7171230832246742
517,1610.8,565.5,367423,367463,78,722.8,77.5,1.7171230832246742
518,1592.7,573.5,367611,367651,78,704.7,85.5,1.7171230832246742
519,1615.4,905.7,368003,368055,78,727.4000000000001,417.70000000000005,1.7171230832246742
520,1592.7,801.8,368079,368219,78,704.7,313.79999999999995,1.7171230832246742
521,1451.3,597.4,368795,369015,78,563.3,109.39999999999998,1.7171230832246742
522,1512.7,557.0,369043,369147,78,624.7,69.0,1.7171230832246742
523,1615.4,616.1,369523,369563,78,727.4000000000001,128.10000000000002,1.7171230832246742
524,1592.0,793.9,369959,370015,78,704.0,305.9,1.7171230832246742
525,1482.6,633.0,370039,370107,78,594.5999999999999,145.0,1.7171230832246742
526,1568.9,575.6,370303,370347,78,680.9000000000001,87.60000000000002,1.7171230832246742
527,1332.5,1012.8,370391,370647,78,444.5,524.8,1.7171230832246742
528,1566.8,632.6,371015,371063,78,678.8,144.60000000000002,1.7171230832246742
529,1613.3,514.3,371323,371343,78,725.3,26.299999999999955,1.7171230832246742
530,1629.6,524.9,371367,371407,78,741.5999999999999,36.89999999999998,1.7171230832246742
531,1385.0,974.1,371451,372215,78,1385.0,974.1,1.7171230832246742
532,1435.9,1020.5,372239,372727,79,547.9000000000001,532.5,0.0
533,1334.9,1033.2,372751,373495,79,1334.9,1033.2,0.0
534,1429.0,1010.9,373519,373711,80,541.0,522.9,0.0
535,1597.5,481.1,373807,373951,80,709.5,-6.899999999999977,0.0
536,1600.6,482.6,373975,374063,80,712.5999999999999,-5.399999999999977,0.0
537,1489.9,456.4,374091,374615,80,1489.9,456.4,0.0
538,1624.3,434.5,374643,375115,81,736.3,-53.5,0.0
539,1603.3,458.7,375139,375183,81,715.3,-29.30000000000001,0.0
540,1478.7,449.7,375527,375559,82,590.7,-38.30000000000001,0.0
541,1489.7,452.1,375583,375647,82,601.7,-35.89999999999998,0.0
542,1437.0,1042.4,375815,376083,82,549.0,554.4000000000001,0.0
543,1330.5,1019.1,376107,376675,82,1330.5,1019.1,0.0
544,1449.7,1019.9,376811,377431,83,1449.7,1019.9,0.0
545,1326.7,1109.2,377459,378171,84,438.70000000000005,621.2,0.0
546,1817.0,690.3,378763,378867,84,929.0,202.29999999999995,0.0
547,1387.3,1001.7,379315,379507,85,499.29999999999995,513.7,9.582736108065635
548,1395.7,1099.6,379523,379855,85,507.70000000000005,611.5999999999999,9.582736108065635
549,1246.2,1154.6,379899,380039,85,358.20000000000005,666.5999999999999,9.582736108065635
550,1566.5,602.2,380355,380691,85,678.5,114.20000000000005,9.582736108065635
551,1361.1,1044.3,380795,380923,85,473.0999999999999,556.3,9.582736108065635
552,1391.6,1109.5,380947,381091,85,503.5999999999999,621.5,9.582736108065635
553,1292.3,1182.1,381115,381575,85,404.29999999999995,694.0999999999999,9.582736108065635
554,1425.0,1029.9,381623,381883,85,537.0,541.9000000000001,9.582736108065635
555,1393.3,1016.9,381899,381959,85,505.29999999999995,528.9,9.582736108065635
556,1572.1,818.7,382355,382395,85,684.0999999999999,330.70000000000005,9.582736108065635
557,766.7,971.6,382507,382583,85,-121.29999999999995,483.6,9.582736108065635
558,1420.8,1045.3,383199,383231,85,532.8,557.3,9.582736108065635
559,1409.9,1047.8,383903,383979,86,521.9000000000001,559.8,9.196718272180078
560,1316.5,1058.2,383999,384227,86,428.5,570.2,9.196718272180078
561,1552.8,632.7,384611,384883,86,664.8,144.70000000000005,9.196718272180078
562,1640.5,593.9,384951,385027,86,752.5,105.89999999999998,9.196718272180078
563,1637.9,611.7,385167,385203,86,749.9000000000001,123.70000000000005,9.196718272180078
564,1633.6,602.8,385235,385267,86,745.5999999999999,114.79999999999995,9.196718272180078
565,1535.9,582.1,385867,386047,86,647.9000000000001,94.10000000000002,9.196718272180078
566,1597.1,570.7,386067,386087,86,709.0999999999999,82.70000000000005,9.196718272180078
567,1497.8,1032.2,386139,386431,86,609.8,544.2,9.196718272180078
568,1407.1,1034.0,386459,386603,86,519.0999999999999,546.0,9.196718272180078
569,1601.2,581.1,386943,387087,86,713.2,93.10000000000002,9.196718272180078
570,2097.8,931.6,387199,387275,86,1209.8000000000002,443.6,9.196718272180078
571,1777.1,1351.5,387299,387379,86,889.0999999999999,863.5,9.196718272180078
572,1673.0,638.3,387723,387883,87,785.0,150.29999999999995,14.790246847421368
573,1598.0,578.1,387975,388003,87,710.0,90.10000000000002,14.790246847421368
574,1368.8,1039.0,388051,388319,87,480.79999999999995,551.0,14.790246847421368
575,1551.0,992.2,388351,388963,87,663.0,504.20000000000005,14.790246847421368
576,1425.0,1022.1,388991,389195,87,537.0,534.1,14.790246847421368
577,1943.2,823.2,389535,389583,87,1055.2,335.20000000000005,14.790246847421368
578,1901.3,705.2,389595,389751,87,1013.3,217.20000000000005,14.790246847421368
579,2047.7,616.3,389783,389807,87,1159.7,128.29999999999995,14.790246847421368
580,2043.5,571.2,389835,389855,87,1155.5,83.20000000000005,14.790246847421368
581,2038.0,617.5,390019,390167,87,1150.0,129.5,14.790246847421368
582,1353.3,896.5,390475,390543,87,465.29999999999995,408.5,14.790246847421368
583,1062.5,935.9,390619,390675,87,174.5,447.9,14.790246847421368
584,1000.3,1037.0,390827,391231,87,112.29999999999995,549.0,14.790246847421368
585,1544.7,519.1,404867,404991,90,656.7,31.100000000000023,18.337670411710974
586,1365.1,1071.4,405075,405539,90,477.0999999999999,583.4000000000001,18.337670411710974
587,1468.0,1055.1,405567,405703,90,1468.0,1055.1,18.337670411710974
588,1876.5,794.3,405747,405767,91,988.5,306.29999999999995,0.0
589,1803.8,649.4,405903,405951,91,915.8,161.39999999999998,0.0
590,1486.2,1001.8,405983,406047,91,598.2,513.8,0.0
591,1372.9,1004.7,406075,406959,91,1372.9,1004.7,0.0
592,1710.0,634.8,407011,407039,92,822.0,146.79999999999995,0.0
593,1716.4,633.4,407051,407087,92,828.4000000000001,145.39999999999998,0.0
594,1716.1,642.3,407139,407263,92,1716.1,642.3,0.0
595,1720.3,649.4,407283,407303,93,832.3,161.39999999999998,0.0
596,1713.8,650.5,407327,407351,93,825.8,162.5,0.0
597,1699.9,661.1,407411,407479,93,811.9000000000001,173.10000000000002,0.0
598,1690.6,667.7,407503,407623,93,802.5999999999999,179.70000000000005,0.0
599,1431.9,541.8,408031,408071,93,1431.9,541.8,0.0
600,1476.6,1002.3,408555,408831,94,588.5999999999999,514.3,0.0
601,1361.6,1014.2,408855,409335,94,1361.6,1014.2,0.0
602,1471.2,1010.5,409359,410207,95,1471.2,1010.5,0.0
603,1358.1,1020.1,410235,410667,96,470.0999999999999,532.1,0.0
604,1425.6,1052.6,410691,410879,96,537.5999999999999,564.5999999999999,0.0
605,1563.4,577.2,411371,411479,96,675.4000000000001,89.20000000000005,0.0
606,1391.7,975.6,412071,412235,97,503.70000000000005,487.6,0.8707744300623976
607,1402.2,1044.8,412247,412675,97,514.2,556.8,0.8707744300623976
608,1300.8,1058.2,412703,413127,97,412.79999999999995,570.2,0.8707744300623976
609,1069.9,901.5,413171,413351,97,181.9000000000001,413.5,0.8707744300623976
610,1385.3,987.0,413407,413611,97,497.29999999999995,499.0,0.8707744300623976
611,1482.5,1031.4,413639,413795,97,594.5,543.4000000000001,0.8707744300623976
612,1601.0,681.4,414111,414231,97,713.0,193.39999999999998,0.8707744300623976
613,1976.9,671.7,414339,414379,97,1088.9,183.70000000000005,0.8707744300623976
614,2132.0,700.6,414507,414663,97,1244.0,212.60000000000002,0.8707744300623976
615,1274.4,1099.7,414723,414971,97,386.4000000000001,611.7,0.8707744300623976
616,1343.8,1172.8,414999,415359,97,455.79999999999995,684.8,0.8707744300623976
617,1276.3,1092.6,415399,415559,97,388.29999999999995,604.5999999999999,0.8707744300623976
618,1155.4,957.3,415603,415727,97,267.4000000000001,469.29999999999995,0.8707744300623976
619,1685.6,905.0,416079,416111,98,797.5999999999999,417.0,1.861219429897556
620,1401.4,1081.6,416927,417263,98,513.4000000000001,593.5999999999999,1.861219429897556
621,1344.2,1051.3,417279,417319,98,456.20000000000005,563.3,1.861219429897556
622,1465.1,746.8,417667,417851,98,577.0999999999999,258.79999999999995,1.861219429897556
623,1571.9,533.0,417875,417947,98,683.9000000000001,45.0,1.861219429897556
624,1401.7,994.3,417999,418063,98,513.7,506.29999999999995,1.861219429897556
625,1640.0,633.9,418407,418679,98,752.0,145.89999999999998,1.861219429897556
626,1644.4,647.8,418811,418843,98,756.4000000000001,159.79999999999995,1.861219429897556
627,1390.2,985.2,418919,419227,98,502.20000000000005,497.20000000000005,1.861219429897556
628,1460.1,987.2,419251,419447,98,572.0999999999999,499.20000000000005,1.861219429897556
629,1558.6,601.4,419779,420099,98,670.5999999999999,113.39999999999998,1.861219429897556
630,1552.5,520.8,420151,420175,99,664.5,32.799999999999955,14.59839571259564
631,1308.8,514.1,420207,420251,99,420.79999999999995,26.100000000000023,14.59839571259564
632,1290.0,503.3,420279,420359,99,402.0,15.300000000000011,14.59839571259564
633,1411.2,478.9,420411,420439,99,523.2,-9.100000000000023,14.59839571259564
634,1412.9,478.7,420467,420531,99,524.9000000000001,-9.300000000000011,14.59839571259564
635,916.2,543.8,420819,420851,99,28.200000000000045,55.799999999999955,14.59839571259564
636,1140.4,556.7,420935,421015,99,252.4000000000001,68.70000000000005,14.59839571259564
637,1159.4,605.7,421295,421319,99,271.4000000000001,117.70000000000005,14.59839571259564
638,1744.2,801.6,421687,421851,99,856.2,313.6,14.59839571259564
639,1982.9,661.0,421911,421967,99,1094.9,173.0,14.59839571259564
640,2131.0,787.2,422059,422455,99,1243.0,299.20000000000005,14.59839571259564
641,2307.0,917.4,422543,422659,99,1419.0,429.4,14.59839571259564
642,1788.7,988.6,423051,423167,99,900.7,500.6,14.59839571259564
643,1688.3,836.9,423679,424019,99,800.3,348.9,14.59839571259564
644,968.9,887.8,424099,424127,99,80.89999999999998,399.79999999999995,14.59839571259564
645,974.2,888.3,424215,424247,99,86.20000000000005,400.29999999999995,14.59839571259564
646,3270.0,292.8,424415,424551,100,2382.0,-195.2,3.9515790741401147
647,3270.0,168.1,424563,424695,100,2382.0,-319.9,3.9515790741401147
648,1555.0,667.2,424783,424999,100,667.0,179.20000000000005,3.9515790741401147
649,1447.3,1112.1,425115,425203,100,559.3,624.0999999999999,3.9515790741401147
650,1553.6,941.7,427275,427299,100,665.5999999999999,453.70000000000005,3.9515790741401147
651,1576.8,708.7,427387,427415,100,688.8,220.70000000000005,3.9515790741401147
652,1579.6,641.9,427475,427543,100,691.5999999999999,153.89999999999998,3.9515790741401147
653,1484.9,529.8,427571,427631,100,596.9000000000001,41.799999999999955,3.9515790741401147
654,1474.9,512.1,427667,427711,100,586.9000000000001,24.100000000000023,3.9515790741401147
655,1471.3,487.5,427763,428075,100,583.3,-0.5,3.9515790741401147
656,1498.2,481.7,428091,428295,100,610.2,-6.300000000000011,3.9515790741401147
657,1616.1,640.3,428559,428595,101,728.0999999999999,152.29999999999995,4.436055454994776
658,1618.8,645.5,428619,428723,101,730.8,157.5,4.436055454994776
659,1519.3,577.9,429015,429231,101,631.3,89.89999999999998,4.436055454994776
660,1371.3,1021.2,429363,429531,101,483.29999999999995,533.2,4.436055454994776
661,1740.1,694.1,429695,429939,101,852.0999999999999,206.10000000000002,4.436055454994776
662,1509.2,523.2,430411,430447,101,621.2,35.200000000000045,4.436055454994776
663,1502.3,522.3,430459,430515,101,614.3,34.299999999999955,4.436055454994776
664,1500.9,529.0,430539,430559,101,612.9000000000001,41.0,4.436055454994776
665,1504.1,530.1,430615,430691,101,616.0999999999999,42.10000000000002,4.436055454994776
666,1534.6,518.6,430827,430871,101,646.5999999999999,30.600000000000023,4.436055454994776
667,1465.8,521.0,431143,431307,101,577.8,33.0,4.436055454994776
668,1464.4,518.4,431335,431363,101,576.4000000000001,30.399999999999977,4.436055454994776
669,1474.0,515.2,431427,431539,101,586.0,27.200000000000045,4.436055454994776
670,1390.8,497.1,431559,431679,101,502.79999999999995,9.100000000000023,4.436055454994776
671,1471.2,493.1,431715,431775,101,583.2,5.100000000000023,4.436055454994776
672,1465.6,491.6,431863,432003,101,577.5999999999999,3.6000000000000227,4.436055454994776
673,1454.6,484.7,432027,432055,101,566.5999999999999,-3.3000000000000114,4.436055454994776
674,1444.1,486.4,432111,432183,101,556.0999999999999,-1.6000000000000227,4.436055454994776
675,1491.0,487.8,432219,432271,101,603.0,-0.19999999999998863,4.436055454994776
676,1490.1,498.1,432355,432399,101,602.0999999999999,10.100000000000023,4.436055454994776
677,1559.7,651.6,432791,433111,102,671.7,163.60000000000002,2.4199404711226613
678,1007.0,738.6,433647,433787,102,119.0,250.60000000000002,2.4199404711226613
679,1344.6,1198.7,433815,433971,102,456.5999999999999,710.7,2.4199404711226613
680,1402.4,462.4,435675,435907,102,514.4000000000001,-25.600000000000023,2.4199404711226613
681,1335.5,439.3,435939,435987,102,447.5,-48.69999999999999,2.4199404711226613
682,1337.2,443.1,436015,436119,102,449.20000000000005,-44.89999999999998,2.4199404711226613
683,1455.8,436.1,436147,436395,102,567.8,-51.89999999999998,2.4199404711226613
684,1580.0,457.4,436427,436483,102,692.0,-30.600000000000023,2.4199404711226613
685,1574.2,461.9,436511,436563,102,686.2,-26.100000000000023,2.4199404711226613
686,1571.0,472.7,436591,436663,102,683.0,-15.300000000000011,2.4199404711226613
687,1524.5,538.9,436851,436959,102,636.5,50.89999999999998,2.4199404711226613
688,1517.9,499.1,436983,437003,102,629.9000000000001,11.100000000000023,2.4199404711226613
689,1393.4,1051.1,437171,437735,102,505.4000000000001,563.0999999999999,2.4199404711226613
690,1337.7,1064.5,437755,438683,102,1337.7,1064.5,2.4199404711226613
691,1596.9,417.3,438891,439243,103,708.9000000000001,-70.69999999999999,0.0
692,1475.3,349.5,439271,439747,103,1475.3,349.5,0.0
693,1612.4,289.3,439779,440287,104,724.4000000000001,-198.7,0.0
694,1517.6,319.9,440311,440567,104,1517.6,319.9,0.0
695,1515.6,322.3,440599,440839,105,627.5999999999999,-165.7,0.0
696,1436.8,299.1,440859,440915,105,548.8,-188.89999999999998,0.0
697,1427.0,314.4,440935,441179,105,539.0,-173.60000000000002,0.0
698,1556.6,568.7,441319,441387,105,1556.6,568.7,0.0
699,1603.2,415.1,441407,441631,106,715.2,-72.89999999999998,0.0
700,1589.4,387.6,441643,441815,106,701.4000000000001,-100.39999999999998,0.0
701,1470.2,355.0,441847,441959,106,582.2,-133.0,0.0
702,1373.7,862.9,442047,442187,106,485.70000000000005,374.9,0.0
703,1532.5,871.0,442223,442335,106,644.5,383.0,0.0
704,1558.1,773.7,442599,442619,106,670.0999999999999,285.70000000000005,0.0
705,1614.6,723.0,442727,442775,106,726.5999999999999,235.0,0.0
706,1610.5,707.1,442787,442867,106,722.5,219.10000000000002,0.0
707,1493.9,660.4,443011,443115,106,605.9000000000001,172.39999999999998,0.0
708,1528.2,645.5,443255,443283,106,640.2,157.5,0.0
709,1528.0,640.7,443311,443387,106,1528.0,640.7,0.0
710,1354.8,978.1,443467,443523,107,466.79999999999995,490.1,0.0
711,1546.0,636.8,443615,443703,107,658.0,148.79999999999995,0.0
712,1353.4,1049.2,443731,443859,107,465.4000000000001,561.2,0.0
713,1440.4,1079.1,443883,444715,107,1440.4,1079.1,0.0
714,1444.5,432.7,445191,445219,108,556.5,-55.30000000000001,0.0
715,1504.7,624.0,445359,445495,108,616.7,136.0,0.0
716,3270.0,1100.5,445707,445735,108,2382.0,612.5,0.0
717,3270.0,1151.6,445759,445971,108,2382.0,663.5999999999999,0.0
718,3270.0,1159.2,445999,446043,108,2382.0,671.2,0.0
719,3270.0,1158.6,446063,446115,108,2382.0,670.5999999999999,0.0
720,3270.0,1270.8,446179,446203,108,2382.0,782.8,0.0
721,1473.1,1164.9,448255,448467,109,585.0999999999999,676.9000000000001,8.280892510347586
722,1552.5,776.3,448731,448771,109,664.5,288.29999999999995,8.280892510347586
723,1533.2,814.7,448799,448819,109,645.2,326.70000000000005,8.280892510347586
724,1365.6,1177.5,449155,449507,109,477.5999999999999,689.5,8.280892510347586
725,1302.4,1160.1,449527,449927,109,414.4000000000001,672.0999999999999,8.280892510347586
726,1327.3,1131.2,449951,450255,109,439.29999999999995,643.2,8.280892510347586
727,1572.2,709.9,450571,450623,109,684.2,221.89999999999998,8.280892510347586
728,1348.6,1091.6,450655,451103,109,1348.6,1091.6,8.280892510347586
729,1218.7,1126.8,451131,451411,110,330.70000000000005,638.8,0.9748940599689071
730,1346.2,1375.4,451443,451803,110,458.20000000000005,887.4000000000001,0.9748940599689071
731,1394.6,1091.1,451859,451927,110,506.5999999999999,603.0999999999999,0.9748940599689071
732,1505.6,1091.1,452335,452547,110,617.5999999999999,603.0999999999999,0.9748940599689071
733,1793.5,1351.5,452603,452887,110,905.5,863.5,0.9748940599689071
734,1374.4,1038.3,452939,453119,110,486.4000000000001,550.3,0.9748940599689071
735,1015.5,1152.9,453167,453495,110,127.5,664.9000000000001,0.9748940599689071
736,1254.2,1187.8,453539,453875,110,366.20000000000005,699.8,0.9748940599689071
737,1335.3,1116.9,453903,454067,110,447.29999999999995,628.9000000000001,0.9748940599689071
738,1400.5,1072.5,454091,454183,110,512.5,584.5,0.9748940599689071
739,1659.5,689.4,454243,454267,110,771.5,201.39999999999998,0.9748940599689071
740,1582.7,766.3,454295,454323,110,694.7,278.29999999999995,0.9748940599689071
741,1579.6,755.0,454455,454511,110,691.5999999999999,267.0,0.9748940599689071
742,1543.6,740.2,454839,454959,110,1543.6,740.2,0.9748940599689071
743,1677.1,671.6,455135,455179,111,789.0999999999999,183.60000000000002,18.634666618828927
744,1674.7,659.4,455207,455235,111,786.7,171.39999999999998,18.634666618828927
745,1707.8,732.7,455255,455311,111,819.8,244.70000000000005,18.634666618828927
746,1251.6,1054.8,455375,455403,111,363.5999999999999,566.8,18.634666618828927
747,1229.7,947.1,455447,455467,111,341.70000000000005,459.1,18.634666618828927
748,1534.9,728.0,455871,456015,111,646.9000000000001,240.0,18.634666618828927
749,1561.1,736.4,456051,456295,111,673.0999999999999,248.39999999999998,18.634666618828927
750,1343.2,1081.0,456367,456499,111,455.20000000000005,593.0,18.634666618828927
751,1328.8,1043.3,456535,456555,111,440.79999999999995,555.3,18.634666618828927
752,1331.9,1042.6,456579,456699,111,443.9000000000001,554.5999999999999,18.634666618828927
753,1510.3,704.2,456775,457115,111,622.3,216.20000000000005,18.634666618828927
754,1492.5,685.9,457135,457175,111,604.5,197.89999999999998,18.634666618828927
755,1566.2,800.6,457207,457243,111,678.2,312.6,18.634666618828927
756,1603.6,866.6,457259,457311,111,715.5999999999999,378.6,18.634666618828927
757,1515.0,712.8,457579,457743,111,627.0,224.79999999999995,18.634666618828927
758,1552.6,701.7,457831,457875,111,664.5999999999999,213.70000000000005,18.634666618828927
759,1559.7,714.5,457899,457979,111,671.7,226.5,18.634666618828927
760,1627.3,712.9,457999,458075,111,739.3,224.89999999999998,18.634666618828927
761,1362.9,768.7,458203,458227,111,474.9000000000001,280.70000000000005,18.634666618828927
762,1361.1,761.5,458311,458339,111,473.0999999999999,273.5,18.634666618828927
763,922.1,929.8,458499,458547,111,34.10000000000002,441.79999999999995,18.634666618828927
764,917.5,919.8,458571,458619,111,29.5,431.79999999999995,18.634666618828927
765,1241.0,985.2,459471,459523,112,353.0,497.20000000000005,9.343929625074116
766,1256.5,1139.6,459543,459695,112,368.5,651.5999999999999,9.343929625074116
767,1348.5,1131.3,459719,460111,112,460.5,643.3,9.343929625074116
768,1414.0,1094.9,460135,460255,112,526.0,606.9000000000001,9.343929625074116
769,2063.9,621.2,460303,460323,112,1175.9,133.20000000000005,9.343929625074116
770,1720.4,964.3,460379,460571,112,832.4000000000001,476.29999999999995,9.343929625074116
771,2044.7,628.3,460595,460979,112,1156.7,140.29999999999995,9.343929625074116
772,1615.6,716.7,461275,461327,112,727.5999999999999,228.70000000000005,9.343929625074116
773,1641.9,757.2,461567,461587,112,753.9000000000001,269.20000000000005,9.343929625074116
774,1502.4,534.1,461711,461747,112,614.4000000000001,46.10000000000002,9.343929625074116
775,1492.6,531.0,461783,461803,112,604.5999999999999,43.0,9.343929625074116
776,1326.1,1097.8,461951,462135,112,438.0999999999999,609.8,9.343929625074116
777,1393.0,1131.4,462155,462307,112,505.0,643.4000000000001,9.343929625074116
778,1547.0,1384.0,462355,462659,112,659.0,896.0,9.343929625074116
779,1457.2,1252.5,462699,462859,112,569.2,764.5,9.343929625074116
780,1306.3,1148.6,462887,463079,112,418.29999999999995,660.5999999999999,9.343929625074116
781,1200.3,1111.2,463103,463587,112,1200.3,1111.2,9.343929625074116
782,1317.4,1099.4,463611,463783,113,429.4000000000001,611.4000000000001,1.5860494142358794
783,1463.4,1056.9,463811,463955,113,575.4000000000001,568.9000000000001,1.5860494142358794
784,1626.0,1031.9,463983,464359,113,738.0,543.9000000000001,1.5860494142358794
785,1365.3,1074.7,464391,464579,113,477.29999999999995,586.7,1.5860494142358794
786,1273.9,1095.6,464603,464863,113,385.9000000000001,607.5999999999999,1.5860494142358794
787,1160.8,1122.0,465083,465383,113,272.79999999999995,634.0,1.5860494142358794
788,1402.0,1162.8,465423,465743,113,514.0,674.8,1.5860494142358794
789,853.5,1370.1,466139,466647,113,-34.5,882.0999999999999,1.5860494142358794
790,951.7,1319.3,466675,466827,113,63.700000000000045,831.3,1.5860494142358794
791,1304.1,1082.1,466891,467051,113,416.0999999999999,594.0999999999999,1.5860494142358794
792,1500.9,1063.2,467107,467219,113,612.9000000000001,575.2,1.5860494142358794
793,1398.8,1067.9,467231,467359,113,1398.8,1067.9,1.5860494142358794
794,1225.5,1172.0,467843,468179,114,337.5,684.0,14.696539033119196
795,1353.7,1147.1,468207,468751,114,465.70000000000005,659.0999999999999,14.696539033119196
796,1314.2,1115.4,468771,469275,114,426.20000000000005,627.4000000000001,14.696539033119196
797,1152.0,1111.9,469503,469535,114,264.0,623.9000000000001,14.696539033119196
798,1155.9,1085.1,469559,469671,114,267.9000000000001,597.0999999999999,14.696539033119196
799,1453.2,726.7,469747,469799,114,565.2,238.70000000000005,14.696539033119196
800,1249.5,1170.1,469943,469983,114,361.5,682.0999999999999,14.696539033119196
801,1533.3,623.8,470571,470607,114,645.3,135.79999999999995,14.696539033119196
802,1206.1,1085.0,470779,471299,114,318.0999999999999,597.0,14.696539033119196
803,1354.0,1011.7,471327,471659,114,466.0,523.7,14.696539033119196
804,1394.3,703.5,472011,472227,114,506.29999999999995,215.5,14.696539033119196
805,1344.2,1118.0,472319,473123,114,1344.2,1118.0,14.696539033119196
806,1210.3,1100.3,473151,473499,115,322.29999999999995,612.3,0.0
807,1590.0,904.1,476367,476427,115,702.0,416.1,0.0
808,1379.0,1185.2,476543,476727,115,491.0,697.2,0.0
809,1293.7,1038.4,476751,476975,115,405.70000000000005,550.4000000000001,0.0
810,1486.5,542.4,478903,478959,115,598.5,54.39999999999998,0.0
811,1445.7,534.2,478971,479011,115,557.7,46.200000000000045,0.0
812,1361.2,1105.3,479403,479531,115,473.20000000000005,617.3,0.0
813,1291.8,1068.6,479555,480279,115,1291.8,1068.6,0.0
814,1416.4,1074.5,480307,480555,116,528.4000000000001,586.5,0.0
815,1706.1,1009.6,480603,480831,116,818.0999999999999,521.6,0.0
816,1929.1,674.1,480871,480911,116,1041.1,186.10000000000002,0.0
817,1405.3,549.0,481019,481171,116,1405.3,549.0,0.0
818,1263.9,1021.2,481379,481571,117,375.9000000000001,533.2,0.0
819,1395.0,1083.3,481599,481867,117,507.0,595.3,0.0
820,1268.4,1104.4,481895,482539,117,1268.4,1104.4,0.0
821,1355.9,1108.5,482567,482915,118,467.9000000000001,620.5,0.0
822,1530.2,1018.7,482959,483611,118,1530.2,1018.7,0.0
823,1369.9,1066.9,483639,483979,119,481.9000000000001,578.9000000000001,0.0
824,1565.4,574.1,484115,484135,119,677.4000000000001,86.10000000000002,0.0
825,1377.1,1069.0,484223,484803,120,489.0999999999999,581.0,0.0
826,1344.5,1242.7,484827,485063,120,456.5,754.7,0.0
827,1386.8,1070.3,485091,485251,120,498.79999999999995,582.3,0.0
828,1612.6,597.9,485727,485827,120,724.5999999999999,109.89999999999998,0.0
829,1458.5,418.8,485855,485907,120,570.5,-69.19999999999999,0.0
830,1353.2,1031.1,485959,486659,120,1353.2,1031.1,0.0
831,1417.6,1086.0,486695,487051,121,529.5999999999999,598.0,6.0226063073579255
832,1638.0,850.5,487367,487447,121,750.0,362.5,6.0226063073579255
833,1326.4,1081.3,487583,487911,121,438.4000000000001,593.3,6.0226063073579255
834,1225.3,1105.8,487939,488099,121,337.29999999999995,617.8,6.0226063073579255
835,1424.0,1070.3,488127,489155,121,536.0,582.3,6.0226063073579255
836,1376.3,1038.8,489179,489659,121,488.29999999999995,550.8,6.0226063073579255
837,1454.2,1019.7,489687,489999,121,566.2,531.7,6.0226063073579255
838,1367.4,1021.5,490027,490279,121,479.4000000000001,533.5,6.0226063073579255
839,1651.7,659.3,490631,490711,122,763.7,171.29999999999995,17.025274741801127
840,1348.7,1089.8,490987,491083,122,460.70000000000005,601.8,17.025274741801127
841,1581.3,516.8,491155,491247,122,693.3,28.799999999999955,17.025274741801127
842,1561.6,545.8,491267,491403,122,673.5999999999999,57.799999999999955,17.025274741801127
843,1619.7,665.4,491675,491879,122,731.7,177.39999999999998,17.025274741801127
844,1528.8,1060.9,492603,492767,122,640.8,572.9000000000001,17.025274741801127
845,1331.4,1274.6,492803,493239,122,443.4000000000001,786.5999999999999,17.025274741801127
846,1557.5,755.0,493323,493651,122,669.5,267.0,17.025274741801127
847,1562.0,388.1,493735,493815,122,674.0,-99.89999999999998,17.025274741801127
848,1346.4,769.5,493855,493903,122,458.4000000000001,281.5,17.025274741801127
849,1529.3,535.1,494211,494331,122,641.3,47.10000000000002,17.025274741801127
850,1595.7,506.6,494395,494439,122,707.7,18.600000000000023,17.025274741801127
851,1460.3,904.0,494507,494535,122,1460.3,904.0,17.025274741801127
852,1573.5,523.6,494839,494875,123,685.5,35.60000000000002,3.7673843396130113
853,1253.2,1036.4,495159,495463,123,365.20000000000005,548.4000000000001,3.7673843396130113
854,1323.2,1261.4,495491,496351,123,435.20000000000005,773.4000000000001,3.7673843396130113
855,1330.0,1227.7,496375,496671,123,442.0,739.7,3.7673843396130113
856,1374.0,1284.2,496699,496919,123,486.0,796.2,3.7673843396130113
857,1977.7,710.7,496987,497307,123,1089.7,222.70000000000005,3.7673843396130113
858,1400.7,896.4,497371,497575,123,512.7,408.4,3.7673843396130113
859,1417.3,770.9,497603,497811,123,529.3,282.9,3.7673843396130113
860,1323.6,706.3,497835,498223,123,435.5999999999999,218.29999999999995,3.7673843396130113
861,1451.5,783.8,498247,498267,123,563.5,295.79999999999995,3.7673843396130113
862,1561.7,541.9,498479,498543,123,673.7,53.89999999999998,3.7673843396130113
863,1660.5,644.9,498619,498663,123,772.5,156.89999999999998,3.7673843396130113
864,1661.6,655.0,498723,498751,124,773.5999999999999,167.0,18.20279236615115
865,1401.6,1007.8,498783,499139,124,513.5999999999999,519.8,18.20279236615115
866,1275.6,1047.3,499167,499599,124,387.5999999999999,559.3,18.20279236615115
867,1385.3,1119.7,499631,499911,124,497.29999999999995,631.7,18.20279236615115
868,1499.1,606.9,500279,500563,124,611.0999999999999,118.89999999999998,18.20279236615115
869,1391.7,1052.6,500687,500823,124,503.70000000000005,564.5999999999999,18.20279236615115
870,1399.0,1015.8,500835,500979,124,511.0,527.8,18.20279236615115
871,1622.4,501.0,501071,501091,124,734.4000000000001,13.0,18.20279236615115
872,1288.3,995.5,501235,501315,124,400.29999999999995,507.5,18.20279236615115
873,1370.3,954.7,501339,501523,124,482.29999999999995,466.70000000000005,18.20279236615115
874,1243.5,746.1,501571,501931,124,355.5,258.1,18.20279236615115
875,1471.2,576.1,502335,502523,124,583.2,88.10000000000002,18.20279236615115
876,1580.0,381.5,502587,502611,124,692.0,-106.5,18.20279236615115
877,1637.6,399.0,502671,502767,124,749.5999999999999,-89.0,18.20279236615115
878,1389.2,800.2,502839,502887,125,501.20000000000005,312.20000000000005,8.346436499352235
879,1301.6,921.3,502911,503203,125,413.5999999999999,433.29999999999995,8.346436499352235
880,1373.2,1008.2,503231,503563,125,485.20000000000005,520.2,8.346436499352235
881,1578.2,779.2,503967,503987,125,690.2,291.20000000000005,8.346436499352235
882,1569.4,633.2,504051,504167,125,681.4000000000001,145.20000000000005,8.346436499352235
883,1360.4,1060.4,504283,504343,125,472.4000000000001,572.4000000000001,8.346436499352235
884,1291.9,1047.7,504363,504391,125,403.9000000000001,559.7,8.346436499352235
885,1351.8,1079.6,505043,505151,125,463.79999999999995,591.5999999999999,8.346436499352235
886,1306.4,1041.8,505171,505991,125,418.4000000000001,553.8,8.346436499352235
887,1341.3,1029.4,506003,506027,125,453.29999999999995,541.4000000000001,8.346436499352235
888,1503.8,552.3,506307,506607,125,615.8,64.29999999999995,8.346436499352235
889,1314.1,1027.8,506699,506759,125,426.0999999999999,539.8,8.346436499352235
890,1276.8,1237.7,506795,507255,125,1276.8,1237.7,8.346436499352235
891,1303.0,1081.9,507287,508211,126,415.0,593.9000000000001,0.4477443629591993
892,773.5,780.8,508255,508299,126,-114.5,292.79999999999995,0.4477443629591993
893,1127.0,1084.7,508371,508619,126,239.0,596.7,0.4477443629591993
894,1515.8,525.1,508971,509131,126,627.8,37.10000000000002,0.4477443629591993
895,1399.6,1051.1,509235,509543,126,511.5999999999999,563.0999999999999,0.4477443629591993
896,1631.6,1123.6,509575,509763,126,743.5999999999999,635.5999999999999,0.4477443629591993
897,1537.8,1138.1,509787,510203,126,649.8,650.0999999999999,0.4477443629591993
898,1447.5,1049.5,510227,511079,126,559.5,561.5,0.4477443629591993
899,1542.0,651.4,511427,511579,126,654.0,163.39999999999998,0.4477443629591993
900,1507.3,510.7,511595,511667,126,619.3,22.69999999999999,0.4477443629591993
901,1287.2,1043.5,511883,511907,126,399.20000000000005,555.5,0.4477443629591993
902,1399.2,1071.3,511931,513131,126,1399.2,1071.3,0.4477443629591993
903,1320.8,1051.2,513155,513559,127,432.79999999999995,563.2,0.0
904,1349.6,962.5,514283,514319,128,461.5999999999999,474.5,0.0
905,1463.2,961.3,514375,514727,128,575.2,473.29999999999995,0.0
906,1467.3,950.2,514755,514779,128,579.3,462.20000000000005,0.0
907,1295.5,983.5,514807,515355,128,1295.5,983.5,0.0
908,1436.5,1014.2,515383,515955,129,548.5,526.2,0.0
909,1780.0,582.5,515979,516023,129,892.0,94.5,0.0
910,1483.3,359.2,516051,516075,129,595.3,-128.8,0.0
911,1146.2,642.4,516383,516439,130,258.20000000000005,154.39999999999998,0.0
912,1588.8,338.1,516467,516759,130,700.8,-149.89999999999998,0.0
913,1618.5,328.8,516775,517063,130,730.5,-159.2,0.0
914,1616.3,341.5,517091,517195,130,728.3,-146.5,0.0
915,1351.1,865.4,517263,517423,130,463.0999999999999,377.4,0.0
916,1433.3,865.7,517587,517991,131,545.3,377.70000000000005,0.0
917,1313.1,933.8,518019,518087,131,425.0999999999999,445.79999999999995,0.0
918,1500.9,299.8,519095,519119,131,612.9000000000001,-188.2,0.0
919,1316.1,949.1,519971,520251,132,428.0999999999999,461.1,0.0
920,1083.6,981.4,520283,520623,132,195.5999999999999,493.4,0.0
921,948.2,685.1,520715,520747,132,60.200000000000045,197.10000000000002,0.0
922,948.5,694.6,520771,520795,132,60.5,206.60000000000002,0.0
923,1520.2,381.6,520887,521027,132,632.2,-106.39999999999998,0.0
924,1418.7,486.5,521419,521459,132,530.7,-1.5,0.0
925,1562.1,453.4,521487,521511,132,674.0999999999999,-34.60000000000002,0.0
926,1572.6,447.8,521535,521587,132,684.5999999999999,-40.19999999999999,0.0
927,1419.8,1063.6,521675,521823,132,531.8,575.5999999999999,0.0
928,1407.3,1082.6,522447,522851,133,519.3,594.5999999999999,1.7278274601267607
929,1271.6,1071.4,522875,523247,133,383.5999999999999,583.4000000000001,1.7278274601267607
930,1202.9,916.5,523275,523315,133,314.9000000000001,428.5,1.7278274601267607
931,2100.2,600.9,523371,523567,133,1212.1999999999998,112.89999999999998,1.7278274601267607
932,2101.1,512.0,523591,523723,133,1213.1,24.0,1.7278274601267607
933,1764.1,870.1,523751,523863,133,876.0999999999999,382.1,1.7278274601267607
934,1692.1,791.5,523899,524199,133,804.0999999999999,303.5,1.7278274601267607
935,1334.9,740.5,524247,524551,133,446.9000000000001,252.5,1.7278274601267607
936,1470.1,739.3,524967,524991,133,582.0999999999999,251.29999999999995,1.7278274601267607
937,1336.4,1053.1,525363,525555,133,448.4000000000001,565.0999999999999,1.7278274601267607
938,1587.2,534.6,525883,526127,133,1587.2,534.6,1.7278274601267607
939,1409.6,1054.2,526207,526547,134,521.5999999999999,566.2,17.740591704606967
940,1345.1,1122.0,526571,526747,134,457.0999999999999,634.0,17.740591704606967
941,1399.2,1313.0,526775,527223,134,511.20000000000005,825.0,17.740591704606967
942,1521.6,579.0,527679,527823,134,633.5999999999999,91.0,17.740591704606967
943,1365.2,1072.9,527959,528447,134,477.20000000000005,584.9000000000001,17.740591704606967
944,1462.1,1054.9,528471,528787,134,574.0999999999999,566.9000000000001,17.740591704606967
945,1366.5,1064.0,528811,528963,134,478.5,576.0,17.740591704606967
946,1591.4,1046.8,529015,529143,134,703.4000000000001,558.8,17.740591704606967
947,1562.3,1000.3,529159,529247,134,674.3,512.3,17.740591704606967
948,1287.6,1071.5,529907,530015,134,399.5999999999999,583.5,17.740591704606967
949,1324.0,1100.8,530027,530655,134,1324.0,1100.8,17.740591704606967
950,1391.3,1171.7,530679,530759,135,503.29999999999995,683.7,4.567673435821891
951,2003.5,816.8,530915,531031,135,1115.5,328.79999999999995,4.567673435821891
952,1545.1,687.7,531835,532015,135,657.0999999999999,199.70000000000005,4.567673435821891
953,1653.9,626.9,532039,532219,135,765.9000000000001,138.89999999999998,4.567673435821891
954,1798.5,647.8,532251,532487,135,910.5,159.79999999999995,4.567673435821891
955,1579.7,610.3,532515,532771,135,691.7,122.29999999999995,4.567673435821891
956,1488.6,572.9,532791,533263,135,600.5999999999999,84.89999999999998,4.567673435821891
957,1525.4,549.9,533291,533423,135,637.4000000000001,61.89999999999998,4.567673435821891
958,1529.5,562.9,533451,533591,135,641.5,74.89999999999998,4.567673435821891
959,1509.9,527.8,533611,534731,135,1509.9,527.8,4.567673435821891
960,1588.9,486.1,534759,535223,136,700.9000000000001,-1.8999999999999773,15.933689323641202
961,1561.5,607.5,535607,535855,136,673.5,119.5,15.933689323641202
962,1365.5,1058.6,536039,536367,136,477.5,570.5999999999999,15.933689323641202
963,1260.1,1017.2,536387,536823,136,372.0999999999999,529.2,15.933689323641202
964,1421.8,970.1,536851,537299,136,533.8,482.1,15.933689323641202
965,1268.3,982.9,537327,537499,136,380.29999999999995,494.9,15.933689323641202
966,1540.7,657.4,537867,538583,136,1540.7,657.4,15.933689323641202
967,1477.3,521.1,538815,538903,137,589.3,33.10000000000002,9.566919053601088
968,1533.0,650.9,538927,538967,137,645.0,162.89999999999998,9.566919053601088
969,1569.6,713.9,539035,539079,137,681.5999999999999,225.89999999999998,9.566919053601088
970,1543.6,649.0,539111,539247,137,655.5999999999999,161.0,9.566919053601088
971,1452.4,645.7,539511,539851,137,564.4000000000001,157.70000000000005,9.566919053601088
972,1500.8,850.1,540363,540615,137,612.8,362.1,9.566919053601088
973,1554.2,841.6,540647,540851,137,666.2,353.6,9.566919053601088
974,1091.2,737.5,540907,541015,137,203.20000000000005,249.5,9.566919053601088
975,1098.3,708.0,541039,541123,137,210.29999999999995,220.0,9.566919053601088
976,1163.1,610.3,541151,541255,137,275.0999999999999,122.29999999999995,9.566919053601088
977,1174.9,611.0,541295,541335,137,286.9000000000001,123.0,9.566919053601088
978,1178.6,608.9,541355,541411,137,290.5999999999999,120.89999999999998,9.566919053601088
979,1161.8,481.7,541563,541587,137,273.79999999999995,-6.300000000000011,9.566919053601088
980,1256.5,330.5,541719,541751,137,368.5,-157.5,9.566919053601088
981,1066.0,609.8,541919,541939,137,178.0,121.79999999999995,9.566919053601088
982,1729.8,280.0,542003,542091,137,841.8,-208.0,9.566919053601088
983,1728.2,307.5,542227,542339,137,840.2,-180.5,9.566919053601088
984,1634.0,614.6,542431,542571,137,746.0,126.60000000000002,9.566919053601088
985,1531.2,761.7,542867,543199,138,643.2,273.70000000000005,14.655549304024312
986,1709.8,513.3,543227,543403,138,821.8,25.299999999999955,14.655549304024312
987,1702.9,487.3,543431,543523,138,814.9000000000001,-0.6999999999999886,14.655549304024312
988,1360.1,1081.4,543871,544335,138,472.0999999999999,593.4000000000001,14.655549304024312
989,1595.3,984.7,544739,544767,138,707.3,496.70000000000005,14.655549304024312
990,1482.4,740.6,544791,545103,138,594.4000000000001,252.60000000000002,14.655549304024312
991,1579.1,646.0,545131,545207,138,691.0999999999999,158.0,14.655549304024312
992,1718.9,838.1,545251,545291,138,830.9000000000001,350.1,14.655549304024312
993,1706.2,843.3,545455,545483,138,818.2,355.29999999999995,14.655549304024312
994,1569.7,653.5,545595,545623,138,681.7,165.5,14.655549304024312
995,1720.1,654.0,546051,546295,138,832.0999999999999,166.0,14.655549304024312
996,1886.7,754.7,546319,546339,138,998.7,266.70000000000005,14.655549304024312
997,1377.7,1186.2,546387,546635,138,489.70000000000005,698.2,14.655549304024312
998,1636.5,713.7,547011,547255,138,748.5,225.70000000000005,14.655549304024312
999,1392.2,454.9,547639,547807,138,504.20000000000005,-33.10000000000002,14.655549304024312
1000,1207.1,978.4,547879,548155,138,319.0999999999999,490.4,14.655549304024312
1001,1375.4,963.2,548199,548563,138,1375.4,963.2,14.655549304024312
1002,1367.3,1053.3,548579,548791,139,479.29999999999995,565.3,0.0
1003,1532.8,457.6,548839,548875,139,644.8,-30.399999999999977,0.0
1004,1480.7,335.9,548899,549187,139,592.7,-152.10000000000002,0.0
1005,1479.1,295.2,549199,549247,139,591.0999999999999,-192.8,0.0
1006,1557.1,294.6,549275,549519,139,669.0999999999999,-193.39999999999998,0.0
1007,1678.1,209.9,549547,549847,139,790.0999999999999,-278.1,0.0
1008,1485.3,636.6,550175,550527,139,597.3,148.60000000000002,0.0
1009,1579.4,413.1,550831,551095,140,691.4000000000001,-74.89999999999998,0.0
1010,1290.6,987.2,551319,551427,140,402.5999999999999,499.20000000000005,0.0
1011,1288.7,989.8,551519,551611,140,400.70000000000005,501.79999999999995,0.0
1012,1418.6,1031.4,551639,552131,140,1418.6,1031.4,0.0
1013,1159.5,671.2,552251,552371,141,271.5,183.20000000000005,0.0
1014,1467.8,362.9,552499,552575,141,579.8,-125.10000000000002,0.0
1015,1559.1,397.6,552603,553199,141,1559.1,397.6,0.0
1016,1477.3,384.3,553215,553555,142,589.3,-103.69999999999999,0.0
1017,1602.0,387.5,553583,553847,142,714.0,-100.5,0.0
1018,1403.9,921.2,554119,554163,142,515.9000000000001,433.20000000000005,0.0
1019,1394.9,927.2,554187,554215,143,506.9000000000001,439.20000000000005,0.0
1020,1546.3,389.3,554463,554679,143,658.3,-98.69999999999999,0.0
1021,1488.4,368.2,554703,554779,143,600.4000000000001,-119.80000000000001,0.0
1022,1478.0,357.4,554791,554871,143,590.0,-130.60000000000002,0.0
1023,1111.1,674.1,554923,554999,143,1111.1,674.1,0.0
1024,1127.7,668.1,555243,555479,144,239.70000000000005,180.10000000000002,0.0
1025,1401.5,962.1,555543,555967,144,513.5,474.1,0.0
1026,1360.7,943.1,556143,556183,144,472.70000000000005,455.1,0.0
1027,1561.9,455.2,556627,556863,144,673.9000000000001,-32.80000000000001,0.0
1028,1386.1,1076.9,557275,557579,145,498.0999999999999,588.9000000000001,7.4003191378122235
1029,1219.6,1096.8,557607,557627,145,331.5999999999999,608.8,7.4003191378122235
1030,1212.1,1043.4,557639,557695,145,324.0999999999999,555.4000000000001,7.4003191378122235
1031,1579.9,751.8,558363,558495,145,691.9000000000001,263.79999999999995,7.4003191378122235
1032,1626.4,698.4,558523,558595,145,738.4000000000001,210.39999999999998,7.4003191378122235
1033,1507.4,625.0,559123,559171,145,619.4000000000001,137.0,7.4003191378122235
1034,1499.3,573.6,559231,559307,145,611.3,85.60000000000002,7.4003191378122235
1035,675.3,746.3,559863,559947,145,-212.70000000000005,258.29999999999995,7.4003191378122235
1036,835.4,770.5,559999,560043,145,-52.60000000000002,282.5,7.4003191378122235
1037,855.7,784.8,560091,560183,145,-32.299999999999955,296.79999999999995,7.4003191378122235
1038,864.3,800.3,560235,560275,145,-23.700000000000045,312.29999999999995,7.4003191378122235
1039,1364.1,480.0,560303,560559,145,476.0999999999999,-8.0,7.4003191378122235
1040,1603.5,633.8,561055,561675,145,1603.5,633.8,7.4003191378122235
1041,1467.6,506.3,561699,561983,146,579.5999999999999,18.30000000000001,12.487406594848585
1042,1625.4,1086.7,562303,562335,146,737.4000000000001,598.7,12.487406594848585
1043,1492.9,775.2,562371,562587,146,604.9000000000001,287.20000000000005,12.487406594848585
1044,1588.0,644.4,562987,563391,146,700.0,156.39999999999998,12.487406594848585
1045,1456.7,512.0,563715,563739,146,568.7,24.0,12.487406594848585
1046,1912.7,688.4,564027,564047,146,1024.7,200.39999999999998,12.487406594848585
1047,2039.3,834.3,564283,564471,146,1151.3,346.29999999999995,12.487406594848585
1048,1629.3,696.8,564811,565119,146,741.3,208.79999999999995,12.487406594848585
1049,1489.6,494.8,565147,565243,146,601.5999999999999,6.800000000000011,12.487406594848585
1050,1483.8,485.3,565271,565291,146,595.8,-2.6999999999999886,12.487406594848585
1051,1355.6,977.1,565631,565699,147,467.5999999999999,489.1,12.280210148040545
1052,1466.6,736.5,566471,566571,147,578.5999999999999,248.5,12.280210148040545
1053,1453.2,690.0,566583,566703,147,565.2,202.0,12.280210148040545
1054,1602.9,543.5,566731,566979,147,714.9000000000001,55.5,12.280210148040545
1055,1506.2,505.5,567003,567107,147,618.2,17.5,12.280210148040545
1056,1496.7,621.9,567431,567723,147,608.7,133.89999999999998,12.280210148040545
1057,1571.0,486.2,567743,567783,147,683.0,-1.8000000000000114,12.280210148040545
1058,1583.4,602.7,568119,568175,147,695.4000000000001,114.70000000000005,12.280210148040545
1059,1538.3,526.4,568531,568975,147,650.3,38.39999999999998,12.280210148040545
1060,1504.8,473.7,569055,569111,147,616.8,-14.300000000000011,12.280210148040545
1061,1498.9,478.3,569135,569155,147,610.9000000000001,-9.699999999999989,12.280210148040545
1062,1503.1,486.2,569179,569395,147,615.0999999999999,-1.8000000000000114,12.280210148040545
1063,1513.0,503.1,569471,569519,147,625.0,15.100000000000023,12.280210148040545
1064,1452.2,642.9,569779,570123,148,564.2,154.89999999999998,4.817337731488529
1065,1501.2,452.3,570143,570275,148,613.2,-35.69999999999999,4.817337731488529
1066,1250.5,725.7,570343,570507,148,362.5,237.70000000000005,4.817337731488529
1067,1424.2,734.7,570939,571095,148,536.2,246.70000000000005,4.817337731488529
1068,1546.6,543.5,571119,571463,148,658.5999999999999,55.5,4.817337731488529
1069,1631.9,480.0,571499,571571,148,743.9000000000001,-8.0,4.817337731488529
1070,1633.9,483.3,571595,571647,148,745.9000000000001,-4.699999999999989,4.817337731488529
1071,1535.8,513.1,572659,572891,148,647.8,25.100000000000023,4.817337731488529
1072,1180.4,588.5,572947,573047,148,292.4000000000001,100.5,4.817337731488529
1073,979.0,825.4,573199,573219,148,91.0,337.4,4.817337731488529
1074,972.9,826.6,573267,573391,148,84.89999999999998,338.6,4.817337731488529
1075,1410.9,593.6,573435,573615,148,522.9000000000001,105.60000000000002,4.817337731488529
1076,1410.3,591.3,573639,573671,148,522.3,103.29999999999995,4.817337731488529
1077,1415.9,482.6,573699,573723,148,527.9000000000001,-5.399999999999977,4.817337731488529
1078,1400.8,472.7,573763,573811,148,512.8,-15.300000000000011,4.817337731488529
1079,1401.3,484.6,573867,573967,149,513.3,-3.3999999999999773,2.985700493121688
1080,1576.3,461.2,574255,574279,149,688.3,-26.80000000000001,2.985700493121688
1081,1570.2,454.7,574315,574463,149,682.2,-33.30000000000001,2.985700493121688
1082,1768.7,334.4,574679,574703,149,880.7,-153.60000000000002,2.985700493121688
1083,1634.8,273.2,574907,574931,149,746.8,-214.8,2.985700493121688
1084,1623.2,646.5,575387,575699,149,735.2,158.5,2.985700493121688
1085,1445.9,553.5,575727,575939,149,557.9000000000001,65.5,2.985700493121688
1086,1504.5,624.2,575963,576339,149,616.5,136.20000000000005,2.985700493121688
1087,794.0,902.3,576399,576667,149,-94.0,414.29999999999995,2.985700493121688
1088,1693.8,628.1,576727,576935,149,805.8,140.10000000000002,2.985700493121688
1089,1803.8,625.4,576959,577343,149,915.8,137.39999999999998,2.985700493121688
1090,1538.5,563.3,577395,577619,149,650.5,75.29999999999995,2.985700493121688
1091,1480.9,522.6,577631,577763,149,592.9000000000001,34.60000000000002,2.985700493121688
1092,1479.4,521.8,577787,577827,149,591.4000000000001,33.799999999999955,2.985700493121688
1093,1633.4,666.9,578143,578511,150,745.4000000000001,178.89999999999998,14.09053544116341
1094,1867.1,423.4,578899,579319,150,979.0999999999999,-64.60000000000002,14.09053544116341
1095,1505.5,556.1,579375,579827,150,617.5,68.10000000000002,14.09053544116341
1096,1371.9,549.4,579851,580239,150,483.9000000000001,61.39999999999998,14.09053544116341
1097,1375.4,596.0,580255,580475,150,487.4000000000001,108.0,14.09053544116341
1098,1418.2,620.9,580495,580699,150,530.2,132.89999999999998,14.09053544116341
1099,1578.9,1062.5,581231,581275,150,690.9000000000001,574.5,14.09053544116341
1100,1627.3,928.8,581299,581371,150,739.3,440.79999999999995,14.09053544116341
1101,1601.0,781.8,581395,581475,150,713.0,293.79999999999995,14.09053544116341
1102,1526.0,619.6,581499,581687,150,638.0,131.60000000000002,14.09053544116341
1103,1576.8,471.9,581703,582035,150,688.8,-16.100000000000023,14.09053544116341
1104,1614.5,445.3,582055,582279,150,726.5,-42.69999999999999,14.09053544116341
1105,1602.8,466.6,582311,582351,150,714.8,-21.399999999999977,14.09053544116341
1106,1593.8,470.8,582375,582419,150,705.8,-17.19999999999999,14.09053544116341
1107,1474.9,462.3,582447,582591,150,586.9000000000001,-25.69999999999999,14.09053544116341
1108,1530.3,457.0,582611,582727,150,642.3,-31.0,14.09053544116341
1109,1515.4,451.8,582751,583159,150,627.4000000000001,-36.19999999999999,14.09053544116341
1110,1483.8,558.9,583487,583835,150,1483.8,558.9,14.09053544116341
1111,1521.9,421.9,584787,584823,152,633.9000000000001,-66.10000000000002,0.0
1112,1504.2,351.1,584859,585731,152,616.2,-136.89999999999998,0.0
1113,1526.8,240.6,585743,586679,152,1526.8,240.6,0.0
1114,1510.5,143.6,586695,587015,153,1510.5,143.6,0.0
1115,1519.8,162.8,587035,587099,154,631.8,-325.2,0.0
1116,1614.9,130.8,590991,591015,156,726.9000000000001,-357.2,0.0
1117,1438.4,1028.8,592235,592407,157,550.4000000000001,540.8,13.916788344643
1118,1339.8,964.2,592587,592903,157,451.79999999999995,476.20000000000005,13.916788344643
1119,1338.3,1110.4,592931,593275,157,450.29999999999995,622.4000000000001,13.916788344643
1120,1505.6,922.8,593623,593827,157,617.5999999999999,434.79999999999995,13.916788344643
1121,1535.8,676.4,593851,593911,157,647.8,188.39999999999998,13.916788344643
1122,1650.4,418.5,594359,594643,157,762.4000000000001,-69.5,13.916788344643
1123,1559.1,432.0,594667,594911,157,671.0999999999999,-56.0,13.916788344643
1124,1146.8,706.5,594979,595023,157,258.79999999999995,218.5,13.916788344643
1125,1147.4,721.8,595095,595123,157,259.4000000000001,233.79999999999995,13.916788344643
1126,1416.5,453.3,595231,595371,157,528.5,-34.69999999999999,13.916788344643
1127,1556.5,437.4,595419,595519,157,668.5,-50.60000000000002,13.916788344643
1128,1515.1,539.2,595759,596547,157,1515.1,539.2,13.916788344643
1129,1493.0,451.8,596571,596835,158,605.0,-36.19999999999999,17.453408177975355
1130,1397.9,419.1,596863,596931,158,509.9000000000001,-68.89999999999998,17.453408177975355
1131,1141.4,705.8,597047,597091,158,253.4000000000001,217.79999999999995,17.453408177975355
1132,1468.8,452.6,597391,597519,158,580.8,-35.39999999999998,17.453408177975355
1133,1463.9,445.9,597547,597743,158,575.9000000000001,-42.10000000000002,17.453408177975355
1134,1488.8,681.6,598007,598319,158,600.8,193.60000000000002,17.453408177975355
1135,1499.3,607.3,598643,598943,158,611.3,119.29999999999995,17.453408177975355
1136,1134.5,818.2,598987,599011,158,246.5,330.20000000000005,17.453408177975355
1137,1276.9,1128.9,599047,599307,158,388.9000000000001,640.9000000000001,17.453408177975355
1138,1340.7,1039.7,599331,599527,158,452.70000000000005,551.7,17.453408177975355
1139,1602.7,864.5,599911,599923,158,714.7,376.5,17.453408177975355
1140,1494.1,566.0,599939,600367,158,606.0999999999999,78.0,17.453408177975355
1141,1498.9,497.8,600415,600467,158,610.9000000000001,9.800000000000011,17.453408177975355
1142,1592.4,546.7,600731,600799,159,704.4000000000001,58.700000000000045,8.548892621653652
1143,1509.3,471.9,600831,601279,159,621.3,-16.100000000000023,8.548892621653652
1144,1571.8,441.1,601299,601563,159,683.8,-46.89999999999998,8.548892621653652
1145,1608.9,440.2,601575,601855,159,720.9000000000001,-47.80000000000001,8.548892621653652
1146,1382.7,434.1,601887,602207,159,494.70000000000005,-53.89999999999998,8.548892621653652
1147,1139.4,455.8,602267,602331,159,251.4000000000001,-32.19999999999999,8.548892621653652
1148,1131.6,470.7,602367,602407,159,243.5999999999999,-17.30000000000001,8.548892621653652
1149,1370.7,639.8,602471,602651,159,482.70000000000005,151.79999999999995,8.548892621653652
1150,1484.1,612.2,602679,602959,159,596.0999999999999,124.20000000000005,8.548892621653652
1151,1563.7,500.5,602983,603187,159,675.7,12.5,8.548892621653652
1152,1710.5,451.7,603215,603839,159,822.5,-36.30000000000001,8.548892621653652
1153,1578.6,441.3,603867,604131,159,690.5999999999999,-46.69999999999999,8.548892621653652
1154,1480.8,376.3,604147,604643,159,592.8,-111.69999999999999,8.548892621653652
1155,1370.3,375.8,604667,604811,160,482.29999999999995,-112.19999999999999,3.18481117677196
1156,1468.6,425.2,604907,605179,160,580.5999999999999,-62.80000000000001,3.18481117677196
1157,1576.5,448.8,605207,605515,160,688.5,-39.19999999999999,3.18481117677196
1158,1501.7,559.4,605535,606079,160,613.7,71.39999999999998,3.18481117677196
1159,1404.7,595.1,606107,606395,160,516.7,107.10000000000002,3.18481117677196
1160,800.7,756.8,606623,606667,160,-87.29999999999995,268.79999999999995,3.18481117677196
1161,792.4,758.9,606679,606715,160,-95.60000000000002,270.9,3.18481117677196
1162,1852.2,787.2,607195,607215,160,964.2,299.20000000000005,3.18481117677196
1163,1600.0,496.9,613899,614203,162,712.0,8.899999999999977,9.27494657337345
1164,1746.5,600.6,614235,614375,162,858.5,112.60000000000002,9.27494657337345
1165,1633.4,1112.8,614711,614775,162,745.4000000000001,624.8,9.27494657337345
1166,1714.7,878.1,615167,615343,162,826.7,390.1,9.27494657337345
1167,1302.5,701.5,615571,615595,162,414.5,213.5,9.27494657337345
1168,1482.4,676.4,616031,616119,162,594.4000000000001,188.39999999999998,9.27494657337345
1169,1576.1,838.9,616503,616711,162,688.0999999999999,350.9,9.27494657337345
1170,1584.0,677.7,616723,616975,162,696.0,189.70000000000005,9.27494657337345
1171,1618.1,531.0,616999,617375,162,730.0999999999999,43.0,9.27494657337345
1172,1552.5,746.8,617679,617719,162,664.5,258.79999999999995,9.27494657337345
1173,1478.1,520.1,617771,618347,162,590.0999999999999,32.10000000000002,9.27494657337345
1174,1323.0,983.2,618447,618511,162,435.0,495.20000000000005,9.27494657337345
1175,1584.3,464.5,618555,618635,162,696.3,-23.5,9.27494657337345
1176,1459.9,966.3,618691,618755,163,571.9000000000001,478.29999999999995,0.0
1177,1636.4,666.9,618947,618999,163,748.4000000000001,178.89999999999998,0.0
1178,1476.2,446.9,619031,620055,163,1476.2,446.9,0.0
1179,1697.5,447.6,620087,620323,164,809.5,-40.39999999999998,0.0
1180,1485.0,394.4,620355,621319,164,1485.0,394.4,0.0
1181,1632.4,359.5,621351,621587,165,744.4000000000001,-128.5,0.0
1182,1650.8,331.3,621599,621755,165,762.8,-156.7,0.0
1183,1586.7,369.1,621771,621803,165,698.7,-118.89999999999998,0.0
1184,1430.1,1020.4,622083,622235,165,542.0999999999999,532.4,0.0
1185,1146.7,641.9,622639,622783,166,258.70000000000005,153.89999999999998,0.0
1186,1484.8,320.8,622943,622995,166,596.8,-167.2,0.0
1187,1583.2,413.7,623019,623115,166,695.2,-74.30000000000001,0.0
1188,1435.5,971.3,623183,623383,166,1435.5,971.3,0.0
1189,1461.9,351.3,623411,625139,167,1461.9,351.3,0.0
1190,1455.9,713.9,625763,625815,168,567.9000000000001,225.89999999999998,0.0
1191,1658.6,499.8,625847,626135,168,1658.6,499.8,0.0
1192,1812.8,641.7,626199,626219,169,924.8,153.70000000000005,14.456947258301208
1193,1582.5,547.5,626619,627147,169,694.5,59.5,14.456947258301208
1194,1521.0,537.7,627167,627187,169,633.0,49.700000000000045,14.456947258301208
1195,1566.1,588.2,627487,627759,169,678.0999999999999,100.20000000000005,14.456947258301208
1196,1446.6,488.2,627783,627855,169,558.5999999999999,0.19999999999998863,14.456947258301208
1197,1168.6,787.0,627971,627999,169,280.5999999999999,299.0,14.456947258301208
1198,1177.8,788.1,628119,628151,169,289.79999999999995,300.1,14.456947258301208
1199,1411.4,1061.2,628227,628403,169,523.4000000000001,573.2,14.456947258301208
1200,1416.2,1042.2,628427,628523,169,528.2,554.2,14.456947258301208
1201,1410.5,1036.5,628547,628579,169,522.5,548.5,14.456947258301208
1202,1211.1,773.5,628655,628695,169,323.0999999999999,285.5,14.456947258301208
1203,1207.7,770.4,628799,628835,169,319.70000000000005,282.4,14.456947258301208
1204,1324.8,1023.5,628895,629003,169,436.79999999999995,535.5,14.456947258301208
1205,1458.8,1023.9,629039,629223,169,570.8,535.9,14.456947258301208
1206,1490.5,609.6,629563,630099,169,602.5,121.60000000000002,14.456947258301208
1207,1557.6,504.6,630119,630239,169,1557.6,504.6,14.456947258301208
1208,1447.7,1032.1,630339,630391,170,559.7,544.0999999999999,19.730629809258183
1209,1449.2,1028.5,630503,630551,170,561.2,540.5,19.730629809258183
1210,1566.0,520.2,630595,630619,170,678.0,32.200000000000045,19.730629809258183
1211,1516.1,533.6,630887,631243,170,628.0999999999999,45.60000000000002,19.730629809258183
1212,1350.3,1003.9,631331,631563,170,462.29999999999995,515.9,19.730629809258183
1213,1520.0,990.4,631623,631783,170,632.0,502.4,19.730629809258183
1214,1411.1,978.3,631807,631927,170,523.0999999999999,490.29999999999995,19.730629809258183
1215,1519.2,478.7,631951,631979,170,631.2,-9.300000000000011,19.730629809258183
1216,1535.3,586.2,632315,632659,170,647.3,98.20000000000005,19.730629809258183
1217,1387.5,1089.2,632735,633251,170,499.5,601.2,19.730629809258183
1218,1321.2,1039.5,633275,633319,170,433.20000000000005,551.5,19.730629809258183
1219,1466.9,536.7,633359,633431,170,578.9000000000001,48.700000000000045,19.730629809258183
1220,1509.6,628.5,633731,633803,170,621.5999999999999,140.5,19.730629809258183
1221,1522.0,484.2,634303,634411,170,1522.0,484.2,19.730629809258183
1222,1508.8,467.2,634711,634735,171,620.8,-20.80000000000001,10.729467313731858
1223,1497.9,475.7,634823,634855,171,609.9000000000001,-12.300000000000011,10.729467313731858
1224,1739.1,682.0,634983,635051,171,851.0999999999999,194.0,10.729467313731858
1225,1595.0,502.1,635071,635091,171,707.0,14.100000000000023,10.729467313731858
1226,1545.6,858.5,635439,635675,171,657.5999999999999,370.5,10.729467313731858
1227,1616.8,576.3,635699,635899,171,728.8,88.29999999999995,10.729467313731858
1228,1463.3,482.8,635927,636227,171,575.3,-5.199999999999989,10.729467313731858
1229,1513.3,487.0,636247,637327,171,625.3,-1.0,10.729467313731858
1230,1381.7,524.1,637351,637727,171,493.70000000000005,36.10000000000002,10.729467313731858
1231,1531.3,531.4,637759,638003,171,643.3,43.39999999999998,10.729467313731858
1232,1440.2,524.8,638023,638351,171,552.2,36.799999999999955,10.729467313731858
1233,1400.2,514.3,638371,638435,171,512.2,26.299999999999955,10.729467313731858
1234,1410.5,612.2,638635,638843,172,522.5,124.20000000000005,19.07710235330469
1235,1647.0,716.0,639259,639283,172,759.0,228.0,19.07710235330469
1236,1619.3,593.1,639307,639559,172,731.3,105.10000000000002,19.07710235330469
1237,1519.5,470.6,639871,639947,172,631.5,-17.399999999999977,19.07710235330469
1238,1347.0,505.3,639995,640215,172,459.0,17.30000000000001,19.07710235330469
1239,1526.9,503.3,640247,641451,172,638.9000000000001,15.300000000000011,19.07710235330469
1240,1400.9,532.9,641487,642207,172,512.9000000000001,44.89999999999998,19.07710235330469
1241,1493.4,575.6,643595,643663,173,605.4000000000001,87.60000000000002,19.81457731761283
1242,1572.8,666.3,643711,643887,173,684.8,178.29999999999995,19.81457731761283
1243,1110.5,976.5,644335,644355,173,222.5,488.5,19.81457731761283
1244,1116.7,842.8,644427,644467,173,228.70000000000005,354.79999999999995,19.81457731761283
1245,1117.0,681.5,644675,644695,173,229.0,193.5,19.81457731761283
1246,1496.6,741.4,644803,645067,173,608.5999999999999,253.39999999999998,19.81457731761283
1247,1539.5,728.3,645095,645175,173,651.5,240.29999999999995,19.81457731761283
1248,1531.3,711.3,645187,645271,173,643.3,223.29999999999995,19.81457731761283
1249,1528.3,722.3,645315,645335,173,640.3,234.29999999999995,19.81457731761283
1250,1542.7,739.9,645379,645467,173,654.7,251.89999999999998,19.81457731761283
1251,1540.3,699.7,645507,645607,173,652.3,211.70000000000005,19.81457731761283
1252,1536.6,680.6,645619,645655,173,648.5999999999999,192.60000000000002,19.81457731761283
1253,1529.6,747.7,646207,646303,173,641.5999999999999,259.70000000000005,19.81457731761283
1254,1455.2,550.9,646927,647271,174,567.2,62.89999999999998,10.434751900455135
1255,1569.4,534.5,647299,647771,174,681.4000000000001,46.5,10.434751900455135
1256,1450.1,575.9,647795,647983,174,562.0999999999999,87.89999999999998,10.434751900455135
1257,1649.4,606.7,648011,648271,174,761.4000000000001,118.70000000000005,10.434751900455135
1258,1760.1,506.6,648295,648423,174,872.0999999999999,18.600000000000023,10.434751900455135
1259,1661.6,359.6,648451,648635,174,773.5999999999999,-128.39999999999998,10.434751900455135
1260,1550.7,342.9,648667,648803,174,662.7,-145.10000000000002,10.434751900455135
1261,1492.1,602.8,649227,649267,174,604.0999999999999,114.79999999999995,10.434751900455135
1262,1579.9,593.9,650303,650335,174,691.9000000000001,105.89999999999998,10.434751900455135
1263,1576.2,527.6,650527,650571,174,688.2,39.60000000000002,10.434751900455135
1264,1648.4,541.1,650659,651351,174,760.4000000000001,53.10000000000002,10.434751900455135
1265,1602.0,613.1,651739,652115,174,714.0,125.10000000000002,10.434751900455135
1266,1388.4,446.7,652171,652483,174,500.4000000000001,-41.30000000000001,10.434751900455135
1267,1576.3,461.4,652511,652795,175,688.3,-26.600000000000023,0.0
1268,1474.4,463.1,652819,653591,175,1474.4,463.1,0.0
1269,1484.3,462.0,653663,653715,176,596.3,-26.0,0.0
1270,1482.7,464.1,653763,653863,176,594.7,-23.899999999999977,0.0
1271,1479.6,462.9,653883,653907,176,591.5999999999999,-25.100000000000023,0.0
1272,1620.6,461.5,653935,654211,176,732.5999999999999,-26.5,0.0
1273,1463.3,449.7,654239,654791,176,1463.3,449.7,0.0
1274,1558.3,435.9,654819,655031,177,1558.3,435.9,0.0
1275,1457.4,414.9,655059,655475,178,569.4000000000001,-73.10000000000002,0.0
1276,1577.8,409.8,655503,656375,178,1577.8,409.8,0.0
1277,1443.8,390.6,656403,656815,179,1443.8,390.6,0.0
1278,1432.8,408.0,656839,656867,180,544.8,-80.0,0.0
1279,1099.5,707.5,656915,656971,180,211.5,219.5,0.0
1280,1254.9,1066.3,657043,657207,180,366.9000000000001,578.3,0.0
1281,1368.6,1092.4,657235,657659,180,480.5999999999999,604.4000000000001,0.0
1282,1330.3,994.6,658475,658519,180,1330.3,994.6,0.0
