,start time,path,location,size,end time,blur
0,0,no image,"(0, 0)","(0, 0)",144746,0.0
1,144746,avatar-baa4d262280c345de836632889a4eb02_1.04046108100877.jpg,"(1400, 1000)","(1024, 1024)",148955,1.04046108100877
2,148955,avatar-24fc25dcf45fc86d27f0b8683f7ecc57_7.452016681040741.jpg,"(1400, 1000)","(1024, 1024)",153111,7.452016681040741
3,153111,avatar-25493e650d49ed3158c0d72e59afe06a_19.911527272178624.jpg,"(1400, 1000)","(1024, 1024)",157278,19.911527272178624
4,157278,avatar-64deef9c8e5c58e447d3b0c9cd7dc4bf_7.126942120989268.jpg,"(1400, 1000)","(1024, 1024)",161428,7.126942120989268
5,161428,avatar-cb7b8a0841b0f8da03b182745bc10eaf_10.493160840299078.jpg,"(1400, 1000)","(1024, 1024)",165578,10.493160840299078
6,165578,avatar-81235e9e3c3122772ba3b4b16a26e6e5_8.354943305210954.jpg,"(1400, 1000)","(1024, 1024)",171263,8.354943305210954
7,171263,avatar-25493e650d49ed3158c0d72e59afe06a.jpg,"(1400, 1000)","(1024, 1024)",172645,0.0
8,172645,avatar-e938c7442240fb8947be8a889d16fd42.jpg,"(1400, 1000)","(1024, 1024)",173394,0.0
9,173394,avatar-cb7b8a0841b0f8da03b182745bc10eaf.jpg,"(1400, 1000)","(1024, 1024)",174362,0.0
10,174362,avatar-81235e9e3c3122772ba3b4b16a26e6e5.jpg,"(1400, 1000)","(1024, 1024)",175295,0.0
11,175295,avatar-f5e3cccb8b2625395a6a98fd4f020f9a.jpg,"(1400, 1000)","(1024, 1024)",176195,0.0
12,176195,avatar-d9b4a131d17e03bb11080fabab83d003.jpg,"(1400, 1000)","(1024, 1024)",178079,0.0
13,178079,avatar-968c92d967b8fb8b1592c2019b39a67b_4.067273220784866.jpg,"(1400, 1000)","(1024, 1024)",182228,4.067273220784866
14,182228,avatar-d3bcc15eb87480b4a19f9b622c743530_6.13662093681725.jpg,"(1400, 1000)","(1024, 1024)",186378,6.13662093681725
15,186378,avatar-4d14ed765580577d63cd15bb561d47f8_2.902218381389363.jpg,"(1400, 1000)","(1024, 1024)",190528,2.902218381389363
16,190528,avatar-b362c10c5b986c38abfcda13f81eae4b_3.9846491515373206.jpg,"(1400, 1000)","(1024, 1024)",194678,3.9846491515373206
17,194678,avatar-84480ad96585c0306bc9e2f1c8bc5ba0_16.404170276739272.jpg,"(1400, 1000)","(1024, 1024)",198829,16.404170276739272
18,198829,avatar-bbfb810d545622635306d1934cee3cbd_4.791139328522796.jpg,"(1400, 1000)","(1024, 1024)",204513,4.791139328522796
19,204513,avatar-6ad04d8bed551265dfe745113e7636f8.jpg,"(1400, 1000)","(1024, 1024)",206211,0.0
20,206211,avatar-dbca77f9a6a2779dcab12f9c6f5b349e.jpg,"(1400, 1000)","(1024, 1024)",206995,0.0
21,206995,avatar-bbfb810d545622635306d1934cee3cbd.jpg,"(1400, 1000)","(1024, 1024)",207762,0.0
22,207762,avatar-69aa220e3e2ac01cc21a1c58f7d99033.jpg,"(1400, 1000)","(1024, 1024)",208545,0.0
23,208545,avatar-d3bcc15eb87480b4a19f9b622c743530.jpg,"(1400, 1000)","(1024, 1024)",209479,0.0
24,209479,avatar-84480ad96585c0306bc9e2f1c8bc5ba0.jpg,"(1400, 1000)","(1024, 1024)",211380,0.0
25,211380,avatar-65236ae0a60b8f09e651d0928dfe0fd1_18.642374725299216.jpg,"(1400, 1000)","(1024, 1024)",215528,18.642374725299216
26,215528,avatar-62dc5092b444bfff3ed722073e5bef08_6.658490912985506.jpg,"(1400, 1000)","(1024, 1024)",219678,6.658490912985506
27,219678,avatar-0b4d5b731539af32372c14758365bd59_17.056834249876243.jpg,"(1400, 1000)","(1024, 1024)",223828,17.056834249876243
28,223828,avatar-5cfd145857cda86df76d145f4294538c_17.364769869553022.jpg,"(1400, 1000)","(1024, 1024)",227978,17.364769869553022
29,227978,avatar-b8f800706ace3a388d9f28c28487a5b8_19.32166319254624.jpg,"(1400, 1000)","(1024, 1024)",232128,19.32166319254624
30,232128,avatar-dbcb9e232de08f9239c982ca909578fc_4.525336884769063.jpg,"(1400, 1000)","(1024, 1024)",237814,4.525336884769063
31,237814,avatar-5cfd145857cda86df76d145f4294538c.jpg,"(1400, 1000)","(1024, 1024)",238896,0.0
32,238896,avatar-1af3ecbd676f23a56a3736cbdc743a8e.jpg,"(1400, 1000)","(1024, 1024)",240762,0.0
33,240762,avatar-f67fc8e3cb50530a9c5547a733bbf105.jpg,"(1400, 1000)","(1024, 1024)",241479,0.0
34,241479,avatar-dbcb9e232de08f9239c982ca909578fc.jpg,"(1400, 1000)","(1024, 1024)",243346,0.0
35,243346,avatar-d6ccb54da514cf1aeb6af0f30b1c6807.jpg,"(1400, 1000)","(1024, 1024)",244062,0.0
36,244062,avatar-62dc5092b444bfff3ed722073e5bef08.jpg,"(1400, 1000)","(1024, 1024)",245913,0.0
37,245913,avatar-e35c3928a080f759866fceb87ff97548_16.99347816906338.jpg,"(1400, 1000)","(1024, 1024)",250062,16.99347816906338
38,250062,avatar-517354d766fb95d672c68f953447948c_12.52424290189035.jpg,"(1400, 1000)","(1024, 1024)",254229,12.52424290189035
39,254229,avatar-baf60bb927c485f30ac80333e4e907fd_4.139392566537814.jpg,"(1400, 1000)","(1024, 1024)",258379,4.139392566537814
40,258379,avatar-23454cb588feedf48732df1cfb0c9abe_16.920054435595556.jpg,"(1400, 1000)","(1024, 1024)",262529,16.920054435595556
41,262529,avatar-7bbd9dab20eeaec911584a8438864edd_5.953444410158846.jpg,"(1400, 1000)","(1024, 1024)",266696,5.953444410158846
42,266696,avatar-048f4e6e93d8ea11aa5d923803945c17_15.537577293451974.jpg,"(1400, 1000)","(1024, 1024)",272380,15.537577293451974
43,272380,avatar-23454cb588feedf48732df1cfb0c9abe.jpg,"(1400, 1000)","(1024, 1024)",273212,0.0
44,273212,avatar-517354d766fb95d672c68f953447948c.jpg,"(1400, 1000)","(1024, 1024)",274279,0.0
45,274279,avatar-af4b9c59ccd5201d9b8bc5bfc7e8623a.jpg,"(1400, 1000)","(1024, 1024)",275062,0.0
46,275062,avatar-1f056296b84d1b4326305182b965e919.jpg,"(1400, 1000)","(1024, 1024)",275946,0.0
47,275946,avatar-048f4e6e93d8ea11aa5d923803945c17.jpg,"(1400, 1000)","(1024, 1024)",276729,0.0
48,276729,avatar-0d4fa0800ff9f862c3f7fcdf5fc11ddb.jpg,"(1400, 1000)","(1024, 1024)",278647,0.0
49,278647,avatar-467e5b60774741ec854cf9af27906701_18.569129857659554.jpg,"(1400, 1000)","(1024, 1024)",282796,18.569129857659554
50,282796,avatar-ad143c00c3eaf10796762a641e8013b3_5.3221072307861235.jpg,"(1400, 1000)","(1024, 1024)",286946,5.3221072307861235
51,286946,avatar-f4dcb97dcc7a5ca6ad433591057bb317_11.790427943648407.jpg,"(1400, 1000)","(1024, 1024)",291096,11.790427943648407
52,291096,avatar-703a7e3ec6643f5f7f534de56bbe4846_5.295375898975827.jpg,"(1400, 1000)","(1024, 1024)",295246,5.295375898975827
53,295246,avatar-be84f0351f5887a3956857719baa79a1_14.804152316177676.jpg,"(1400, 1000)","(1024, 1024)",299396,14.804152316177676
54,299396,avatar-49a73077823bd8bfc9441592870a2641_11.570672775009886.jpg,"(1400, 1000)","(1024, 1024)",305098,11.570672775009886
55,305098,avatar-0070e199d5f1c843cbc9379f45a25e6a.jpg,"(1400, 1000)","(1024, 1024)",306380,0.0
56,306380,avatar-467e5b60774741ec854cf9af27906701.jpg,"(1400, 1000)","(1024, 1024)",307279,0.0
57,307279,avatar-49a73077823bd8bfc9441592870a2641.jpg,"(1400, 1000)","(1024, 1024)",307946,0.0
58,307946,avatar-ad143c00c3eaf10796762a641e8013b3.jpg,"(1400, 1000)","(1024, 1024)",308846,0.0
59,308846,avatar-a95cd50642d81df1a77a1d4823b6036d.jpg,"(1400, 1000)","(1024, 1024)",309879,0.0
60,309879,avatar-3aae00968a1eb60fbb899cbe7a9e4a6b.jpg,"(1400, 1000)","(1024, 1024)",311681,0.0
61,311681,avatar-4e633431f19399948e42b69b3b954cc2_13.204859782864117.jpg,"(1400, 1000)","(1024, 1024)",315829,13.204859782864117
62,315829,avatar-1f7fb783788106a5b041b710b5e6bd0c_12.458686681295678.jpg,"(1400, 1000)","(1024, 1024)",319979,12.458686681295678
63,319979,avatar-e4dd2fb6bc84b7b5cfa26c81eb65fc08_14.433575796641481.jpg,"(1400, 1000)","(1024, 1024)",324130,14.433575796641481
64,324130,avatar-0fe56012bb5f8aa6a183e8325293e17f_12.860320372353108.jpg,"(1400, 1000)","(1024, 1024)",328296,12.860320372353108
65,328296,avatar-eafff68cee0b79475662c91557ffceca_14.744323901618879.jpg,"(1400, 1000)","(1024, 1024)",332447,14.744323901618879
66,332447,avatar-17abf79be2f22eb8f143c85a81cd0a04_6.089800287858365.jpg,"(1400, 1000)","(1024, 1024)",338148,6.089800287858365
67,338148,avatar-a55f1b69efa0b497edcb05ca3994f6da.jpg,"(1400, 1000)","(1024, 1024)",339479,0.0
68,339479,avatar-eaf1a327def20cbe4c0a25a97cf4e406.jpg,"(1400, 1000)","(1024, 1024)",340313,0.0
69,340313,avatar-0fe56012bb5f8aa6a183e8325293e17f.jpg,"(1400, 1000)","(1024, 1024)",341179,0.0
70,341179,avatar-1f7fb783788106a5b041b710b5e6bd0c.jpg,"(1400, 1000)","(1024, 1024)",342363,0.0
71,342363,avatar-6589f267bbf5629f83c0b132ea54f1c2.jpg,"(1400, 1000)","(1024, 1024)",343563,0.0
72,343563,avatar-eafff68cee0b79475662c91557ffceca.jpg,"(1400, 1000)","(1024, 1024)",345381,0.0
73,345381,avatar-be74e50bbbcd5660518167bccaccb573_18.69676291065202.jpg,"(1400, 1000)","(1024, 1024)",349530,18.69676291065202
74,349530,avatar-f0ceb74ab510fde705129ecd22aad486_7.618256171625237.jpg,"(1400, 1000)","(1024, 1024)",353680,7.618256171625237
75,353680,avatar-f40a06d5fa452c4e42827bce0ed1bfa3_6.792990246104564.jpg,"(1400, 1000)","(1024, 1024)",357830,6.792990246104564
76,357830,avatar-b5be29db8e0bf62e185b4cb948e25dc8_17.37875606602315.jpg,"(1400, 1000)","(1024, 1024)",361997,17.37875606602315
77,361997,avatar-d46efa6ff4cb921873daa7d0c0e2cfda_4.472416714022868.jpg,"(1400, 1000)","(1024, 1024)",366147,4.472416714022868
78,366147,avatar-4b737009fa0f6d31f9de147bfee6fc86_1.7171230832246742.jpg,"(1400, 1000)","(1024, 1024)",371831,1.7171230832246742
79,371831,avatar-f0ceb74ab510fde705129ecd22aad486.jpg,"(1400, 1000)","(1024, 1024)",372914,0.0
80,372914,avatar-d46efa6ff4cb921873daa7d0c0e2cfda.jpg,"(1400, 1000)","(1024, 1024)",374163,0.0
81,374163,avatar-672cd26e9f0f8f5b80ea763c6a2ac7f3.jpg,"(1400, 1000)","(1024, 1024)",375264,0.0
82,375264,avatar-f40a06d5fa452c4e42827bce0ed1bfa3.jpg,"(1400, 1000)","(1024, 1024)",376230,0.0
83,376230,avatar-fbdec7a2b3e6fbf1096dd21206fbddb7.jpg,"(1400, 1000)","(1024, 1024)",377064,0.0
84,377064,avatar-ccad3c5c84a486054abe8929187d06a9.jpg,"(1400, 1000)","(1024, 1024)",379132,0.0
85,379132,avatar-802cf7287ef3385cb4fdd19d1cc65dc6_9.582736108065635.jpg,"(1400, 1000)","(1024, 1024)",383280,9.582736108065635
86,383280,avatar-99f43f1bb139e2a8b7b4c9415f3ff10d_9.196718272180078.jpg,"(1400, 1000)","(1024, 1024)",387447,9.196718272180078
87,387447,avatar-111362c71f4b8618792b3d3f075e7c11_14.790246847421368.jpg,"(1400, 1000)","(1024, 1024)",391613,14.790246847421368
88,391613,avatar-91d69a01df119f92b9d3a2205d3fdfc2_0.43023702408160114.jpg,"(1400, 1000)","(1024, 1024)",395763,0.43023702408160114
89,395763,avatar-f1fa615309ffb990ebf972428d15265b_17.374900455004536.jpg,"(1400, 1000)","(1024, 1024)",399913,17.374900455004536
90,399913,avatar-1bc20b3662c66129fca5ce7c87e3f79f_18.337670411710974.jpg,"(1400, 1000)","(1024, 1024)",405582,18.337670411710974
91,405582,avatar-802cf7287ef3385cb4fdd19d1cc65dc6.jpg,"(1400, 1000)","(1024, 1024)",406397,0.0
92,406397,avatar-c59c6b437787124079b68db5167d5a93.jpg,"(1400, 1000)","(1024, 1024)",407164,0.0
93,407164,avatar-95f11e8ee08e1e0f8db804026e88ce94.jpg,"(1400, 1000)","(1024, 1024)",408047,0.0
94,408047,avatar-342e3fe543bccf5b0acfb0dc644eba16.jpg,"(1400, 1000)","(1024, 1024)",408930,0.0
95,408930,avatar-91d69a01df119f92b9d3a2205d3fdfc2.jpg,"(1400, 1000)","(1024, 1024)",409797,0.0
96,409797,avatar-1bc20b3662c66129fca5ce7c87e3f79f.jpg,"(1400, 1000)","(1024, 1024)",411815,0.0
97,411815,avatar-11653d04bf1ffd0a9f548332cea40a02_0.8707744300623976.jpg,"(1400, 1000)","(1024, 1024)",415963,0.8707744300623976
98,415963,avatar-328eb5fd4afc7095dcea949b4989eed5_1.861219429897556.jpg,"(1400, 1000)","(1024, 1024)",420113,1.861219429897556
99,420113,avatar-5f2d7e703d8749b65616bf112c0ef22a_14.59839571259564.jpg,"(1400, 1000)","(1024, 1024)",424264,14.59839571259564
100,424264,avatar-c1833ebd28638912bed6cf7592e78a57_3.9515790741401147.jpg,"(1400, 1000)","(1024, 1024)",428414,3.9515790741401147
101,428414,avatar-668dd0b3be50f968e6227487b94b24d3_4.436055454994776.jpg,"(1400, 1000)","(1024, 1024)",432564,4.436055454994776
102,432564,avatar-def70a054f2f7ef34a141e993a8c0671_2.4199404711226613.jpg,"(1400, 1000)","(1024, 1024)",438265,2.4199404711226613
103,438265,avatar-24ff41ecc169074e80727bc7a0808b85.jpg,"(1400, 1000)","(1024, 1024)",439364,0.0
104,439364,avatar-11653d04bf1ffd0a9f548332cea40a02.jpg,"(1400, 1000)","(1024, 1024)",440314,0.0
105,440314,avatar-94b3f0f69503fe86c5894327d6e399bc.jpg,"(1400, 1000)","(1024, 1024)",441380,0.0
106,441380,avatar-328eb5fd4afc7095dcea949b4989eed5.jpg,"(1400, 1000)","(1024, 1024)",443331,0.0
107,443331,avatar-def70a054f2f7ef34a141e993a8c0671.jpg,"(1400, 1000)","(1024, 1024)",444214,0.0
108,444214,avatar-71a6467f2dcb3eea8e414f090f69451d.jpg,"(1400, 1000)","(1024, 1024)",446549,0.0
109,446549,avatar-b01b6ddd6bb45e2bd1984ee08c0d8ef3_8.280892510347586.jpg,"(1400, 1000)","(1024, 1024)",450697,8.280892510347586
110,450697,avatar-f73f4873fc078ee40d32c61855f91e24_0.9748940599689071.jpg,"(1400, 1000)","(1024, 1024)",454847,0.9748940599689071
111,454847,avatar-6761eda8f6e50596941a4b380103b5eb_18.634666618828927.jpg,"(1400, 1000)","(1024, 1024)",458997,18.634666618828927
112,458997,avatar-57eefd2a59ea152f9cbb0e60c31c172f_9.343929625074116.jpg,"(1400, 1000)","(1024, 1024)",463164,9.343929625074116
113,463164,avatar-518d7cad40f028ba90f2772d11df1361_1.5860494142358794.jpg,"(1400, 1000)","(1024, 1024)",467314,1.5860494142358794
114,467314,avatar-7129a4fdaf48bacddc9321accaabb205_14.696539033119196.jpg,"(1400, 1000)","(1024, 1024)",472999,14.696539033119196
115,472999,avatar-3f1b7b069fa9e40a711235175e0c8306.jpg,"(1400, 1000)","(1024, 1024)",479748,0.0
116,479748,avatar-57eefd2a59ea152f9cbb0e60c31c172f.jpg,"(1400, 1000)","(1024, 1024)",481148,0.0
117,481148,avatar-097c0385b72cec9bd0b2a9babf9c9dfc.jpg,"(1400, 1000)","(1024, 1024)",481997,0.0
118,481997,avatar-7129a4fdaf48bacddc9321accaabb205.jpg,"(1400, 1000)","(1024, 1024)",483331,0.0
119,483331,avatar-07915b1d81bcf7e4e558bc88b73afee3.jpg,"(1400, 1000)","(1024, 1024)",484197,0.0
120,484197,avatar-f73f4873fc078ee40d32c61855f91e24.jpg,"(1400, 1000)","(1024, 1024)",486216,0.0
121,486216,avatar-19977e726ae9efcae441f9a96685b294_6.0226063073579255.jpg,"(1400, 1000)","(1024, 1024)",490364,6.0226063073579255
122,490364,avatar-373abe6c8faee993c31dc4ca8dc9dae8_17.025274741801127.jpg,"(1400, 1000)","(1024, 1024)",494515,17.025274741801127
123,494515,avatar-965a92f3fdfa64a8a3feb4ec150343a5_3.7673843396130113.jpg,"(1400, 1000)","(1024, 1024)",498665,3.7673843396130113
124,498665,avatar-656393f139ba2fa18d92f91e074932be_18.20279236615115.jpg,"(1400, 1000)","(1024, 1024)",502815,18.20279236615115
125,502815,avatar-bfa911ca3269eb3cb60530e7eda4e8e8_8.346436499352235.jpg,"(1400, 1000)","(1024, 1024)",506982,8.346436499352235
126,506982,avatar-c7697a7358859074da2830d9b792ad6f_0.4477443629591993.jpg,"(1400, 1000)","(1024, 1024)",512666,0.4477443629591993
127,512666,avatar-ff524a29748e358b2011ca619cfd1e59.jpg,"(1400, 1000)","(1024, 1024)",513882,0.0
128,513882,avatar-346ea2d3d8732d86108f523343b75dcc.jpg,"(1400, 1000)","(1024, 1024)",514848,0.0
129,514848,avatar-656393f139ba2fa18d92f91e074932be.jpg,"(1400, 1000)","(1024, 1024)",516164,0.0
130,516164,avatar-965a92f3fdfa64a8a3feb4ec150343a5.jpg,"(1400, 1000)","(1024, 1024)",517565,0.0
131,517565,avatar-8b26a43b6cbcfa8799cf6556cf2f1ccb.jpg,"(1400, 1000)","(1024, 1024)",519464,0.0
132,519464,avatar-19977e726ae9efcae441f9a96685b294.jpg,"(1400, 1000)","(1024, 1024)",521883,0.0
133,521883,avatar-756330fba151350ae700ea18418ba842_1.7278274601267607.jpg,"(1400, 1000)","(1024, 1024)",526032,1.7278274601267607
134,526032,avatar-8b0af3cd189b2a0070b65ee8f25fb66d_17.740591704606967.jpg,"(1400, 1000)","(1024, 1024)",530181,17.740591704606967
135,530181,avatar-0fc07daf1c6a11ff1fc3e4a9999d1f75_4.567673435821891.jpg,"(1400, 1000)","(1024, 1024)",534331,4.567673435821891
136,534331,avatar-e1ffbb2c45d80d9ecf59f70591945e01_15.933689323641202.jpg,"(1400, 1000)","(1024, 1024)",538482,15.933689323641202
137,538482,avatar-44b654a0bb60a096072788bca9eb62e7_9.566919053601088.jpg,"(1400, 1000)","(1024, 1024)",542632,9.566919053601088
138,542632,avatar-aab11b56b07749fbab1dcfa9f4072210_14.655549304024312.jpg,"(1400, 1000)","(1024, 1024)",548316,14.655549304024312
139,548316,avatar-5e083346ef90e922065bd10c8e675349.jpg,"(1400, 1000)","(1024, 1024)",550615,0.0
140,550615,avatar-8b0af3cd189b2a0070b65ee8f25fb66d.jpg,"(1400, 1000)","(1024, 1024)",551748,0.0
141,551748,avatar-e1ffbb2c45d80d9ecf59f70591945e01.jpg,"(1400, 1000)","(1024, 1024)",553182,0.0
142,553182,avatar-8de68a277329e324ba9e0dfe0f63b5fe.jpg,"(1400, 1000)","(1024, 1024)",554165,0.0
143,554165,avatar-ef7a7f2cfc94898ff77d580828f7d97a.jpg,"(1400, 1000)","(1024, 1024)",554931,0.0
144,554931,avatar-44b654a0bb60a096072788bca9eb62e7.jpg,"(1400, 1000)","(1024, 1024)",557216,0.0
145,557216,avatar-741342c0e9127a13a331972caaa6ff5f_7.4003191378122235.jpg,"(1400, 1000)","(1024, 1024)",561365,7.4003191378122235
146,561365,avatar-8d45b3258ff61742268c3818f362f338_12.487406594848585.jpg,"(1400, 1000)","(1024, 1024)",565515,12.487406594848585
147,565515,avatar-18f489ce2ef3b9c31143c53a74060ff5_12.280210148040545.jpg,"(1400, 1000)","(1024, 1024)",569666,12.280210148040545
148,569666,avatar-96770e0fccc91ff7f57a26af3fffd340_4.817337731488529.jpg,"(1400, 1000)","(1024, 1024)",573815,4.817337731488529
149,573815,avatar-8f735e48661db63745eb5176c4807a29_2.985700493121688.jpg,"(1400, 1000)","(1024, 1024)",577965,2.985700493121688
150,577965,avatar-18005d9090793d23553c60bf3fbf894c_14.09053544116341.jpg,"(1400, 1000)","(1024, 1024)",583667,14.09053544116341
151,583667,avatar-55cb5b866972ec4ab8265690611701d7.jpg,"(1400, 1000)","(1024, 1024)",584698,0.0
152,584698,avatar-2e7332d67e9c5853cfe584f8f3aae8ac.jpg,"(1400, 1000)","(1024, 1024)",585815,0.0
153,585815,avatar-18f489ce2ef3b9c31143c53a74060ff5.jpg,"(1400, 1000)","(1024, 1024)",586765,0.0
154,586765,avatar-8f735e48661db63745eb5176c4807a29.jpg,"(1400, 1000)","(1024, 1024)",587698,0.0
155,587698,avatar-e1c58c6486cf2c2b6c3cde064b29da11.jpg,"(1400, 1000)","(1024, 1024)",589148,0.0
156,589148,avatar-8d45b3258ff61742268c3818f362f338.jpg,"(1400, 1000)","(1024, 1024)",592183,0.0
157,592183,avatar-d5e6235ac59adbfc09d999d4c0a7d373_13.916788344643.jpg,"(1400, 1000)","(1024, 1024)",596332,13.916788344643
158,596332,avatar-f9e9134d6dca7d06cf09789404892ed7_17.453408177975355.jpg,"(1400, 1000)","(1024, 1024)",600482,17.453408177975355
159,600482,avatar-1e363886421daa196914f09bc4e5bee4_8.548892621653652.jpg,"(1400, 1000)","(1024, 1024)",604649,8.548892621653652
160,604649,avatar-80de6301d6e79a1d18c575d354381933_3.18481117677196.jpg,"(1400, 1000)","(1024, 1024)",608799,3.18481117677196
161,608799,avatar-8094b18ec2d23956045401fe6e51bd60_13.29975794482596.jpg,"(1400, 1000)","(1024, 1024)",612949,13.29975794482596
162,612949,avatar-fbaa7fa42100b2c22de308e5a815cb58_9.27494657337345.jpg,"(1400, 1000)","(1024, 1024)",618650,9.27494657337345
163,618650,avatar-af4545e7f5c1cc95921a7f932afa34f5.jpg,"(1400, 1000)","(1024, 1024)",619449,0.0
164,619449,avatar-fbaa7fa42100b2c22de308e5a815cb58.jpg,"(1400, 1000)","(1024, 1024)",620916,0.0
165,620916,avatar-a8af14d350ed3cc795253bd8e7beec51.jpg,"(1400, 1000)","(1024, 1024)",622549,0.0
166,622549,avatar-1e363886421daa196914f09bc4e5bee4.jpg,"(1400, 1000)","(1024, 1024)",623366,0.0
167,623366,avatar-80de6301d6e79a1d18c575d354381933.jpg,"(1400, 1000)","(1024, 1024)",624165,0.0
168,624165,avatar-edf8b0fe0fb8791268c51a0e0fac985a.jpg,"(1400, 1000)","(1024, 1024)",626034,0.0
169,626034,avatar-d3b4690f1bbe9bf18645dfeceaef2c3b_14.456947258301208.jpg,"(1400, 1000)","(1024, 1024)",630199,14.456947258301208
170,630199,avatar-faa519b42c6934267f8061143bb9d909_19.730629809258183.jpg,"(1400, 1000)","(1024, 1024)",634349,19.730629809258183
171,634349,avatar-ddcaedcc410e7e2013d98620ce6d7eab_10.729467313731858.jpg,"(1400, 1000)","(1024, 1024)",638499,10.729467313731858
172,638499,avatar-e510bb5ec5b0907414e389d2aae8d176_19.07710235330469.jpg,"(1400, 1000)","(1024, 1024)",642649,19.07710235330469
173,642649,avatar-eb5c7a7b8fed09880c5af3a509aa0105_19.81457731761283.jpg,"(1400, 1000)","(1024, 1024)",646799,19.81457731761283
174,646799,avatar-d6b1c245c63d0edcd92aba218f56c2dd_10.434751900455135.jpg,"(1400, 1000)","(1024, 1024)",652484,10.434751900455135
175,652484,avatar-faa519b42c6934267f8061143bb9d909.jpg,"(1400, 1000)","(1024, 1024)",653516,0.0
176,653516,avatar-421a688941fc7850da0f07babfd337be.jpg,"(1400, 1000)","(1024, 1024)",654249,0.0
177,654249,avatar-70872c1b8c8c994b5d86226c7b4149a2.jpg,"(1400, 1000)","(1024, 1024)",654999,0.0
178,654999,avatar-ddcaedcc410e7e2013d98620ce6d7eab.jpg,"(1400, 1000)","(1024, 1024)",655999,0.0
179,655999,avatar-db5effe21f9c48c00eda19776cec46c4.jpg,"(1400, 1000)","(1024, 1024)",656766,0.0
180,656766,avatar-e510bb5ec5b0907414e389d2aae8d176.jpg,"(1400, 1000)","(1024, 1024)",658505,0.0
